,anomaly_type,num_node,num_edge,func_type,noise_type,weight_generator,num_normal_samples,num_abnormal_samples,method,num_remained,num_total,reduction_rate,root_cause_recall,recall,precision,f1_score,trial_no
0,0,50,100,identity,exponential,normal,160,20,BIRCH,33.6,50.0,0.328,1.0,1.0,0.325008080155139,0.4752123947428906,3.0
1,0,50,100,identity,exponential,normal,160,20,FluxInfer-AD,30.4,50.0,0.392,1.0,0.9694736842105263,0.33274660381821936,0.4837437934458789,3.0
2,0,50,100,identity,exponential,normal,160,20,HDBSCAN-PEARSON,7.4,50.0,0.852,0.06666666666666667,0.16935672514619882,0.2369047619047619,0.1929738562091503,3.0
3,0,50,100,identity,exponential,normal,160,20,HDBSCAN-SBD,6.0,50.0,0.8800000000000001,0.06666666666666667,0.17157894736842105,0.319047619047619,0.21163757810816636,3.0
4,0,50,100,identity,exponential,normal,160,20,K-S test,11.4,50.0,0.772,1.0,1.0,0.9438461538461539,0.9687848383500558,3.0
5,0,50,100,identity,exponential,normal,160,20,NSigma,38.2,50.0,0.23600000000000004,1.0,0.9800000000000001,0.2739594715466809,0.41676830643827173,3.0
6,0,50,100,identity,exponential,normal,160,20,TSifter,10.6,50.0,0.788,1.0,1.0,1.0,1.0,3.0
7,0,50,100,identity,exponential,uniform,160,20,BIRCH,34.0,50.0,0.32,1.0,0.9888888888888889,0.3129597129597129,0.45602246402246405,3.0
8,0,50,100,identity,exponential,uniform,160,20,FluxInfer-AD,25.6,50.0,0.488,0.8333333333333333,0.7849206349206349,0.29973084886128365,0.4048344162978309,3.0
9,0,50,100,identity,exponential,uniform,160,20,HDBSCAN-PEARSON,6.4,50.0,0.8720000000000001,0.1,0.20714285714285713,0.35,0.24333333333333335,3.0
10,0,50,100,identity,exponential,uniform,160,20,HDBSCAN-SBD,4.6,50.0,0.908,0.1,0.20396825396825397,0.4809523809523809,0.2817777777777778,3.0
11,0,50,100,identity,exponential,uniform,160,20,K-S test,9.4,50.0,0.8119999999999999,0.9,0.7833333333333333,0.8051282051282052,0.7573333333333333,3.0
12,0,50,100,identity,exponential,uniform,160,20,NSigma,39.2,50.0,0.21600000000000003,1.0,0.95,0.25610798415676467,0.3870211384924008,3.0
13,0,50,100,identity,exponential,uniform,160,20,TSifter,8.4,50.0,0.8320000000000001,0.9,0.8420634920634921,1.0,0.9045008287645034,3.0
14,0,50,100,identity,laplace,normal,160,20,BIRCH,32.8,50.0,0.344,1.0,1.0,0.3951231527093596,0.5435658914728683,3.0
15,0,50,100,identity,laplace,normal,160,20,FluxInfer-AD,28.6,50.0,0.42800000000000005,0.9,0.9746031746031747,0.4108225108225108,0.5673632313632313,3.0
16,0,50,100,identity,laplace,normal,160,20,HDBSCAN-PEARSON,7.6,50.0,0.8480000000000001,0.15,0.13719887955182072,0.21865079365079362,0.15705128205128205,3.0
17,0,50,100,identity,laplace,normal,160,20,HDBSCAN-SBD,7.4,50.0,0.852,0.25,0.2045191409897292,0.36944444444444446,0.24631735414344108,3.0
18,0,50,100,identity,laplace,normal,160,20,K-S test,13.2,50.0,0.736,0.9,0.9634920634920634,0.9214473684210527,0.9399312005503957,3.0
19,0,50,100,identity,laplace,normal,160,20,NSigma,34.4,50.0,0.312,1.0,1.0,0.3750046685340803,0.525028382598299,3.0
20,0,50,100,identity,laplace,normal,160,20,TSifter,12.2,50.0,0.756,0.9,0.9777777777777779,1.0,0.9882352941176471,3.0
21,0,50,100,identity,laplace,uniform,160,20,BIRCH,30.6,50.0,0.388,1.0,0.9904761904761905,0.31041885329917784,0.43713750504448184,3.0
22,0,50,100,identity,laplace,uniform,160,20,FluxInfer-AD,29.6,50.0,0.40800000000000003,0.9,0.9476190476190476,0.3022197342886998,0.42113324736728996,3.0
23,0,50,100,identity,laplace,uniform,160,20,HDBSCAN-PEARSON,7.8,50.0,0.844,0.3,0.20785714285714288,0.2157936507936508,0.15897618721148132,3.0
24,0,50,100,identity,laplace,uniform,160,20,HDBSCAN-SBD,8.0,50.0,0.8400000000000001,0.6,0.15666666666666668,0.22817460317460317,0.16975352013715184,3.0
25,0,50,100,identity,laplace,uniform,160,20,K-S test,9.0,50.0,0.82,0.9,0.880952380952381,0.8056277056277056,0.7882996632996633,3.0
26,0,50,100,identity,laplace,uniform,160,20,NSigma,31.6,50.0,0.368,1.0,0.9761904761904763,0.28956265356265354,0.4164228417293797,3.0
27,0,50,100,identity,laplace,uniform,160,20,TSifter,7.8,50.0,0.844,0.9,0.8952380952380953,1.0,0.9290322580645162,3.0
28,0,50,100,identity,normal,normal,160,20,BIRCH,33.2,50.0,0.336,1.0,0.9857142857142858,0.3222857439687734,0.466912254172998,3.0
29,0,50,100,identity,normal,normal,160,20,FluxInfer-AD,30.4,50.0,0.392,1.0,0.9333333333333332,0.33416666666666667,0.4682232413205162,3.0
30,0,50,100,identity,normal,normal,160,20,HDBSCAN-PEARSON,7.0,50.0,0.86,0.2,0.17222222222222222,0.26023809523809527,0.18828502415458936,3.0
31,0,50,100,identity,normal,normal,160,20,HDBSCAN-SBD,6.4,50.0,0.8719999999999999,0.0,0.18968253968253967,0.33222222222222225,0.21209378856437677,3.0
32,0,50,100,identity,normal,normal,160,20,K-S test,12.6,50.0,0.748,1.0,0.9634920634920634,0.8271212121212121,0.8859770114942528,3.0
33,0,50,100,identity,normal,normal,160,20,NSigma,20.2,50.0,0.596,1.0,0.9857142857142858,0.5055555555555555,0.6475543397032134,3.0
34,0,50,100,identity,normal,normal,160,20,TSifter,10.8,50.0,0.784,1.0,0.9857142857142858,1.0,0.9925925925925926,3.0
35,0,50,100,identity,normal,uniform,160,20,BIRCH,37.0,50.0,0.26,1.0,1.0,0.3472685223923614,0.49551026854366,3.0
36,0,50,100,identity,normal,uniform,160,20,FluxInfer-AD,28.2,50.0,0.43600000000000005,1.0,0.9289473684210525,0.41289249224594055,0.5421619973685055,3.0
37,0,50,100,identity,normal,uniform,160,20,HDBSCAN-PEARSON,7.4,50.0,0.852,0.1,0.12585099111414902,0.22261904761904763,0.14964522417153997,3.0
38,0,50,100,identity,normal,uniform,160,20,HDBSCAN-SBD,6.4,50.0,0.8719999999999999,0.0,0.2027546138072454,0.3849206349206349,0.22995959595959597,3.0
39,0,50,100,identity,normal,uniform,160,20,K-S test,13.2,50.0,0.736,1.0,0.9207655502392343,0.8459703368526897,0.8747959724430313,3.0
40,0,50,100,identity,normal,uniform,160,20,NSigma,22.2,50.0,0.556,1.0,0.9794736842105263,0.5575250836120402,0.6853168088260311,3.0
41,0,50,100,identity,normal,uniform,160,20,TSifter,12.4,50.0,0.752,1.0,0.9794736842105263,1.0,0.9894663894663894,3.0
42,0,50,100,identity,uniform,normal,160,20,BIRCH,35.4,50.0,0.292,1.0,1.0,0.25108932461873634,0.3979534563631732,3.0
43,0,50,100,identity,uniform,normal,160,20,FluxInfer-AD,31.4,50.0,0.372,1.0,0.9846153846153847,0.27987789987789985,0.42885611646814137,3.0
44,0,50,100,identity,uniform,normal,160,20,HDBSCAN-PEARSON,8.8,50.0,0.8240000000000001,0.5,0.17909035409035406,0.185,0.17692097891788294,3.0
45,0,50,100,identity,uniform,normal,160,20,HDBSCAN-SBD,6.8,50.0,0.8640000000000001,0.5,0.23315018315018313,0.3038095238095238,0.25753501400560225,3.0
46,0,50,100,identity,uniform,normal,160,20,K-S test,11.0,50.0,0.78,1.0,0.9623931623931623,0.7761111111111111,0.8575060368975176,3.0
47,0,50,100,identity,uniform,normal,160,20,NSigma,9.6,50.0,0.808,1.0,0.9692307692307693,0.884090909090909,0.9184210526315789,3.0
48,0,50,100,identity,uniform,normal,160,20,TSifter,8.6,50.0,0.828,1.0,0.9692307692307693,0.975,0.97,3.0
49,0,50,100,identity,uniform,uniform,160,20,BIRCH,41.4,50.0,0.172,1.0,1.0,0.2541611347623826,0.3965968946307929,3.0
50,0,50,100,identity,uniform,uniform,160,20,FluxInfer-AD,35.6,50.0,0.288,1.0,1.0,0.2985500515995872,0.44709656494176614,3.0
51,0,50,100,identity,uniform,uniform,160,20,HDBSCAN-PEARSON,5.8,50.0,0.884,0.1,0.14494652406417113,0.23761904761904762,0.17798509652056563,3.0
52,0,50,100,identity,uniform,uniform,160,20,HDBSCAN-SBD,6.8,50.0,0.8640000000000001,0.0,0.19989304812834224,0.2966666666666667,0.23358730158730162,3.0
53,0,50,100,identity,uniform,uniform,160,20,K-S test,13.0,50.0,0.74,1.0,0.96,0.7801709401709401,0.848493072145246,3.0
54,0,50,100,identity,uniform,uniform,160,20,NSigma,13.2,50.0,0.736,1.0,1.0,0.7808704453441295,0.8704493284493285,3.0
55,0,50,100,identity,uniform,uniform,160,20,TSifter,10.6,50.0,0.788,1.0,1.0,1.0,1.0,3.0
56,0,50,200,identity,exponential,normal,160,20,BIRCH,35.8,50.0,0.284,1.0,0.9634316134316133,0.7222259601906365,0.8223524024994614,3.0
57,0,50,200,identity,exponential,normal,160,20,FluxInfer-AD,37.2,50.0,0.256,1.0,0.9634316134316133,0.6891716881874702,0.7959410585992864,3.0
58,0,50,200,identity,exponential,normal,160,20,HDBSCAN-PEARSON,5.6,50.0,0.8880000000000001,0.1,0.12096642096642096,0.5176190476190476,0.1885182443237565,3.0
59,0,50,200,identity,exponential,normal,160,20,HDBSCAN-SBD,5.4,50.0,0.892,0.0,0.09868959868959869,0.4504761904761905,0.15332536051406398,3.0
60,0,50,200,identity,exponential,normal,160,20,K-S test,27.6,50.0,0.44800000000000006,1.0,0.9487305487305487,0.909090909090909,0.9212648221343873,3.0
61,0,50,200,identity,exponential,normal,160,20,NSigma,38.4,50.0,0.23199999999999998,1.0,0.9314086814086814,0.64515873015873,0.753441883948213,3.0
62,0,50,200,identity,exponential,normal,160,20,TSifter,26.0,50.0,0.4800000000000001,1.0,0.945904995904996,1.0,0.9719524808100373,3.0
63,0,50,200,identity,exponential,uniform,160,20,BIRCH,38.6,50.0,0.22800000000000004,1.0,0.9841614906832298,0.6848842197679407,0.8040612908218542,3.0
64,0,50,200,identity,exponential,uniform,160,20,FluxInfer-AD,37.2,50.0,0.256,1.0,0.918961038961039,0.6562179096389622,0.7599937343358396,3.0
65,0,50,200,identity,exponential,uniform,160,20,HDBSCAN-PEARSON,5.6,50.0,0.8880000000000001,0.15,0.09807062502714677,0.48428571428571426,0.16101416782451264,3.0
66,0,50,200,identity,exponential,uniform,160,20,HDBSCAN-SBD,6.0,50.0,0.8800000000000001,0.06666666666666667,0.11874429917908177,0.5666666666666667,0.1930450137044065,3.0
67,0,50,200,identity,exponential,uniform,160,20,K-S test,26.4,50.0,0.472,1.0,0.929751552795031,0.9405511155511157,0.9319933878757409,3.0
68,0,50,200,identity,exponential,uniform,160,20,NSigma,42.0,50.0,0.16,1.0,0.9527329192546585,0.6049888638660387,0.7353713007605847,3.0
69,0,50,200,identity,exponential,uniform,160,20,TSifter,25.4,50.0,0.492,1.0,0.95,0.9913043478260869,0.968850185453959,3.0
70,0,50,200,identity,laplace,normal,160,20,BIRCH,38.4,50.0,0.23199999999999998,1.0,1.0,0.8025085833706523,0.8857620004525003,3.0
71,0,50,200,identity,laplace,normal,160,20,FluxInfer-AD,37.4,50.0,0.252,0.9,0.980952380952381,0.8002156101284008,0.8741122567553882,3.0
72,0,50,200,identity,laplace,normal,160,20,HDBSCAN-PEARSON,5.4,50.0,0.892,0.10666666666666666,0.09454788890272761,0.6438095238095238,0.1554746066941189,3.0
73,0,50,200,identity,laplace,normal,160,20,HDBSCAN-SBD,6.2,50.0,0.876,0.08,0.12376281811765684,0.6380952380952382,0.20328496699464438,3.0
74,0,50,200,identity,laplace,normal,160,20,K-S test,32.0,50.0,0.36,1.0,0.9649769585253456,0.9236268441088697,0.9426811405222105,3.0
75,0,50,200,identity,laplace,normal,160,20,NSigma,40.8,50.0,0.184,1.0,0.9952380952380953,0.7451473473645926,0.8468485651078856,3.0
76,0,50,200,identity,laplace,normal,160,20,TSifter,30.6,50.0,0.388,1.0,0.9857142857142858,1.0,0.9927123126652952,3.0
77,0,50,200,identity,laplace,uniform,160,20,BIRCH,34.8,50.0,0.304,1.0,0.9714285714285713,0.3695169082125604,0.5057502043879752,3.0
78,0,50,200,identity,laplace,uniform,160,20,FluxInfer-AD,32.2,50.0,0.356,0.9333333333333332,0.975,0.3762427835855828,0.5037759776940115,3.0
79,0,50,200,identity,laplace,uniform,160,20,HDBSCAN-PEARSON,7.0,50.0,0.86,0.06666666666666667,0.18902073732718894,0.3335714285714285,0.21725056925056924,3.0
80,0,50,200,identity,laplace,uniform,160,20,HDBSCAN-SBD,7.2,50.0,0.8560000000000001,0.26666666666666666,0.1715437788018433,0.3071428571428571,0.19789037811921106,3.0
81,0,50,200,identity,laplace,uniform,160,20,K-S test,14.6,50.0,0.708,1.0,0.9189285714285715,0.8378787878787879,0.8624445859271835,3.0
82,0,50,200,identity,laplace,uniform,160,20,NSigma,32.0,50.0,0.36,1.0,0.9589285714285714,0.3782186805442619,0.5110640011689487,3.0
83,0,50,200,identity,laplace,uniform,160,20,TSifter,13.2,50.0,0.736,1.0,1.0,1.0,1.0,3.0
84,0,50,200,identity,normal,normal,160,20,BIRCH,39.0,50.0,0.22000000000000003,1.0,0.993103448275862,0.6396321829050133,0.7740923466160659,3.0
85,0,50,200,identity,normal,normal,160,20,FluxInfer-AD,39.4,50.0,0.21200000000000002,0.9333333333333332,0.9496807151979565,0.6086219853795176,0.7286149391008727,3.0
86,0,50,200,identity,normal,normal,160,20,HDBSCAN-PEARSON,6.0,50.0,0.8800000000000001,0.26666666666666666,0.12048564462357565,0.560952380952381,0.1940941767792062,3.0
87,0,50,200,identity,normal,normal,160,20,HDBSCAN-SBD,8.0,50.0,0.8400000000000001,0.36666666666666664,0.15850873264666368,0.528968253968254,0.23474292615596964,3.0
88,0,50,200,identity,normal,normal,160,20,K-S test,24.4,50.0,0.512,1.0,0.8998490653663067,0.9077548944825832,0.8957190957190957,3.0
89,0,50,200,identity,normal,normal,160,20,NSigma,28.4,50.0,0.43200000000000005,1.0,0.9584291187739463,0.8751088116941774,0.9133813447177502,3.0
90,0,50,200,identity,normal,normal,160,20,TSifter,23.6,50.0,0.5279999999999999,1.0,0.9331823986996401,1.0,0.9649827327255508,3.0
91,0,50,200,identity,normal,uniform,160,20,BIRCH,35.8,50.0,0.284,0.9,0.9285925925925926,0.5969580377719913,0.7042930808687111,3.0
92,0,50,200,identity,normal,uniform,160,20,FluxInfer-AD,31.4,50.0,0.372,0.9,0.866985754985755,0.6142450748985668,0.7033682952204237,3.0
93,0,50,200,identity,normal,uniform,160,20,HDBSCAN-PEARSON,6.8,50.0,0.8640000000000001,0.26666666666666666,0.1395856735856736,0.473015873015873,0.2103156408685428,3.0
94,0,50,200,identity,normal,uniform,160,20,HDBSCAN-SBD,7.0,50.0,0.86,0.0,0.15637769637769638,0.5202380952380953,0.23700290151903056,3.0
95,0,50,200,identity,normal,uniform,160,20,K-S test,20.6,50.0,0.588,0.9,0.8897777777777778,0.9585796387520527,0.9164338392609933,3.0
96,0,50,200,identity,normal,uniform,160,20,NSigma,26.4,50.0,0.472,0.9,0.8965925925925926,0.7460995145205672,0.7981256614613707,3.0
97,0,50,200,identity,normal,uniform,160,20,TSifter,20.6,50.0,0.588,0.9,0.9045925925925925,0.9733333333333334,0.925530444398369,3.0
98,0,50,200,identity,uniform,normal,160,20,BIRCH,43.0,50.0,0.13999999999999999,1.0,0.986111111111111,0.6852044622044622,0.8026397765663764,3.0
99,0,50,200,identity,uniform,normal,160,20,FluxInfer-AD,40.2,50.0,0.196,0.8933333333333333,0.9601851851851851,0.7043327358220975,0.8118265412244667,3.0
100,0,50,200,identity,uniform,normal,160,20,HDBSCAN-PEARSON,5.8,50.0,0.884,0.25,0.08471620971620972,0.44523809523809527,0.14172974400678387,3.0
101,0,50,200,identity,uniform,normal,160,20,HDBSCAN-SBD,6.2,50.0,0.876,0.04,0.09995189995189994,0.4904761904761905,0.16523956751660734,3.0
102,0,50,200,identity,uniform,normal,160,20,K-S test,29.2,50.0,0.41600000000000004,1.0,0.9415824915824915,0.9563025210084033,0.9483270266398106,3.0
103,0,50,200,identity,uniform,normal,160,20,NSigma,29.2,50.0,0.41600000000000004,0.9333333333333332,0.962037037037037,0.9695156695156694,0.9648278867102397,3.0
104,0,50,200,identity,uniform,normal,160,20,TSifter,28.8,50.0,0.42400000000000004,1.0,0.9694444444444444,0.9939393939393939,0.9812519272278755,3.0
105,0,50,200,identity,uniform,uniform,160,20,BIRCH,40.2,50.0,0.196,1.0,1.0,0.6868803644539969,0.8083422368297593,3.0
106,0,50,200,identity,uniform,uniform,160,20,FluxInfer-AD,39.0,50.0,0.22000000000000003,1.0,0.9645852749301025,0.6876178242031901,0.7884265072916318,3.0
107,0,50,200,identity,uniform,uniform,160,20,HDBSCAN-PEARSON,7.4,50.0,0.852,0.0,0.1810090654918241,0.655952380952381,0.2773981666196024,3.0
108,0,50,200,identity,uniform,uniform,160,20,HDBSCAN-SBD,6.0,50.0,0.8800000000000001,0.1,0.12183978649495893,0.5885714285714286,0.19830105812381432,3.0
109,0,50,200,identity,uniform,uniform,160,20,K-S test,28.2,50.0,0.43600000000000005,1.0,0.9753960857409133,0.9653717627401838,0.9694867561059513,3.0
110,0,50,200,identity,uniform,uniform,160,20,NSigma,28.4,50.0,0.43200000000000005,1.0,0.993103448275862,0.979539641943734,0.9859861775651249,3.0
111,0,50,200,identity,uniform,uniform,160,20,TSifter,27.8,50.0,0.44400000000000006,1.0,0.9808014911463188,0.9928571428571429,0.986733958183129,3.0
112,0,100,500,identity,exponential,normal,160,20,BIRCH,67.4,100.0,0.326,1.0,0.9791666666666666,0.47148029591691565,0.5896936861870843,3.0
113,0,100,500,identity,exponential,normal,160,20,FluxInfer-AD,60.6,100.0,0.394,1.0,0.8971696573366188,0.4255671354691429,0.5432247728851944,3.0
114,0,100,500,identity,exponential,normal,160,20,HDBSCAN-PEARSON,14.0,100.0,0.86,0.26666666666666666,0.14995419220319706,0.32796092796092796,0.1876753811276804,3.0
115,0,100,500,identity,exponential,normal,160,20,HDBSCAN-SBD,12.6,100.0,0.874,0.13333333333333333,0.15966017986141826,0.3858741258741259,0.20422175228614314,3.0
116,0,100,500,identity,exponential,normal,160,20,K-S test,28.2,100.0,0.7180000000000001,1.0,0.8660264105642257,0.8664772727272727,0.8497340032394523,3.0
117,0,100,500,identity,exponential,normal,160,20,NSigma,75.2,100.0,0.248,1.0,0.9168367346938776,0.37096919553482754,0.4901661349536379,3.0
118,0,100,500,identity,exponential,normal,160,20,TSifter,28.0,100.0,0.72,1.0,0.9254251700680272,0.95,0.9293505820517091,3.0
119,0,100,500,identity,exponential,uniform,160,20,BIRCH,78.6,100.0,0.21400000000000002,1.0,0.99,0.5106118555106827,0.6292354981748219,3.0
120,0,100,500,identity,exponential,uniform,160,20,FluxInfer-AD,61.2,100.0,0.388,1.0,0.9319444444444445,0.5835246528832049,0.6744449458893398,3.0
121,0,100,500,identity,exponential,uniform,160,20,HDBSCAN-PEARSON,12.4,100.0,0.876,0.1,0.14907407407407408,0.45786435786435786,0.20403917498414653,3.0
122,0,100,500,identity,exponential,uniform,160,20,HDBSCAN-SBD,10.0,100.0,0.9,0.1,0.11768518518518518,0.4212121212121212,0.16353429015919804,3.0
123,0,100,500,identity,exponential,uniform,160,20,K-S test,42.0,100.0,0.5800000000000001,1.0,0.9511111111111111,0.8368413631022327,0.8548786764442342,3.0
124,0,100,500,identity,exponential,uniform,160,20,NSigma,82.4,100.0,0.176,1.0,0.9862962962962962,0.47465410252525847,0.6031547064869114,3.0
125,0,100,500,identity,exponential,uniform,160,20,TSifter,39.2,100.0,0.608,1.0,0.9710185185185185,1.0,0.9850742240215924,3.0
126,0,100,500,identity,laplace,normal,160,20,BIRCH,74.4,100.0,0.256,1.0,0.9944444444444445,0.5442453052297666,0.6940076094562376,3.0
127,0,100,500,identity,laplace,normal,160,20,FluxInfer-AD,62.4,100.0,0.376,0.9,0.9451001821493625,0.6118905000139299,0.7290505146555895,3.0
128,0,100,500,identity,laplace,normal,160,20,HDBSCAN-PEARSON,12.2,100.0,0.8779999999999999,0.1,0.12457826846585629,0.4714652014652015,0.19449355444437413,3.0
129,0,100,500,identity,laplace,normal,160,20,HDBSCAN-SBD,13.2,100.0,0.868,0.16666666666666666,0.14706646593063455,0.47523809523809524,0.21878981554209392,3.0
130,0,100,500,identity,laplace,normal,160,20,K-S test,39.2,100.0,0.608,0.9,0.9020699973978662,0.9235809312638581,0.9076698882512837,3.0
131,0,100,500,identity,laplace,normal,160,20,NSigma,74.0,100.0,0.26,1.0,0.9901639344262294,0.547527399091152,0.6952741096438576,3.0
132,0,100,500,identity,laplace,normal,160,20,TSifter,38.6,100.0,0.6140000000000001,0.9,0.9483788706739527,1.0,0.9722350736435242,3.0
133,0,100,500,identity,laplace,uniform,160,20,BIRCH,70.8,100.0,0.292,1.0,0.9733333333333334,0.4620013233450705,0.6199214417701813,3.0
134,0,100,500,identity,laplace,uniform,160,20,FluxInfer-AD,56.2,100.0,0.438,0.9,0.8549300788202391,0.502092105659468,0.621246698686502,3.0
135,0,100,500,identity,laplace,uniform,160,20,HDBSCAN-PEARSON,13.2,100.0,0.868,0.3,0.15682939232138318,0.3605128205128205,0.21659305012680488,3.0
136,0,100,500,identity,laplace,uniform,160,20,HDBSCAN-SBD,13.0,100.0,0.8699999999999999,0.1,0.1389524535977625,0.3452564102564103,0.19783252922787806,3.0
137,0,100,500,identity,laplace,uniform,160,20,K-S test,30.0,100.0,0.7,0.8333333333333334,0.8524459699974575,0.9517676767676768,0.8963418508483507,3.0
138,0,100,500,identity,laplace,uniform,160,20,NSigma,62.2,100.0,0.378,0.9,0.9677777777777777,0.5146966262512875,0.6678753236061047,3.0
139,0,100,500,identity,laplace,uniform,160,20,TSifter,31.0,100.0,0.6900000000000001,0.9,0.9414619883040934,1.0,0.9691196065280572,3.0
140,0,100,500,identity,normal,normal,160,20,BIRCH,83.0,100.0,0.17,1.0,0.9895192915876028,0.5835416751179803,0.703091986819351,3.0
141,0,100,500,identity,normal,normal,160,20,FluxInfer-AD,69.6,100.0,0.304,1.0,0.9090356886330258,0.6075609117138316,0.7028032252530452,3.0
142,0,100,500,identity,normal,normal,160,20,HDBSCAN-PEARSON,12.0,100.0,0.8800000000000001,0.1,0.11758598480818916,0.45964035964035965,0.1731683067038582,3.0
143,0,100,500,identity,normal,normal,160,20,HDBSCAN-SBD,10.8,100.0,0.892,0.06666666666666667,0.12833824415916847,0.5702991452991453,0.19573181043141102,3.0
144,0,100,500,identity,normal,normal,160,20,K-S test,41.6,100.0,0.584,1.0,0.8397580377148126,0.9355697834689432,0.8751287617285269,3.0
145,0,100,500,identity,normal,normal,160,20,NSigma,61.4,100.0,0.386,1.0,0.9155606299381425,0.695811770455983,0.7608874014603556,3.0
146,0,100,500,identity,normal,normal,160,20,TSifter,43.2,100.0,0.568,1.0,0.8904246400583198,0.9857142857142858,0.9302146395965121,3.0
147,0,100,500,identity,normal,uniform,160,20,BIRCH,80.0,100.0,0.2,1.0,0.9697142857142858,0.7444156172733023,0.840278205511332,3.0
148,0,100,500,identity,normal,uniform,160,20,FluxInfer-AD,79.2,100.0,0.20800000000000002,0.9,0.9407513227513228,0.7273564503797062,0.8184725941037302,3.0
149,0,100,500,identity,normal,uniform,160,20,HDBSCAN-PEARSON,12.2,100.0,0.8779999999999999,0.0,0.11818518518518517,0.6001554001554001,0.19642329095133473,3.0
150,0,100,500,identity,normal,uniform,160,20,HDBSCAN-SBD,11.8,100.0,0.882,0.04,0.14810582010582013,0.76487567987568,0.24424870572068058,3.0
151,0,100,500,identity,normal,uniform,160,20,K-S test,57.4,100.0,0.426,1.0,0.90905291005291,0.9788296344178697,0.942024023598689,3.0
152,0,100,500,identity,normal,uniform,160,20,NSigma,69.8,100.0,0.302,1.0,0.9664867724867726,0.8507294155120242,0.9031946197392093,3.0
153,0,100,500,identity,normal,uniform,160,20,TSifter,60.2,100.0,0.398,1.0,0.9775820105820106,1.0,0.9885446213124709,3.0
154,0,100,500,identity,uniform,normal,160,20,BIRCH,77.2,100.0,0.22799999999999998,1.0,0.9954545454545455,0.4723445576529704,0.6332647449169189,3.0
155,0,100,500,identity,uniform,normal,160,20,FluxInfer-AD,67.8,100.0,0.322,1.0,0.9247616583290208,0.5030036644079018,0.6408601334742043,3.0
156,0,100,500,identity,uniform,normal,160,20,HDBSCAN-PEARSON,11.0,100.0,0.89,0.13333333333333333,0.1341386349261112,0.45396825396825397,0.1998828622358034,3.0
157,0,100,500,identity,uniform,normal,160,20,HDBSCAN-SBD,11.4,100.0,0.8859999999999999,0.13333333333333333,0.12706313610488182,0.40419580419580414,0.18961407835418792,3.0
158,0,100,500,identity,uniform,normal,160,20,K-S test,37.2,100.0,0.628,1.0,0.8831407049623369,0.8744444444444444,0.8762326987426864,3.0
159,0,100,500,identity,uniform,normal,160,20,NSigma,36.6,100.0,0.634,1.0,0.9281473175780576,0.9465616422007399,0.9370935384993222,3.0
160,0,100,500,identity,uniform,normal,160,20,TSifter,34.8,100.0,0.6519999999999999,1.0,0.9131473175780576,0.9875,0.9477369029824384,3.0
161,0,100,500,identity,uniform,uniform,160,20,BIRCH,77.4,100.0,0.22599999999999998,1.0,0.963109756097561,0.5989593557346204,0.7305753873123371,3.0
162,0,100,500,identity,uniform,uniform,160,20,FluxInfer-AD,69.0,100.0,0.31,1.0,0.9437509898637948,0.6565659303297002,0.7675726560592432,3.0
163,0,100,500,identity,uniform,uniform,160,20,HDBSCAN-PEARSON,12.6,100.0,0.874,0.05,0.13980019957949438,0.5319658119658119,0.2170720233672801,3.0
164,0,100,500,identity,uniform,uniform,160,20,HDBSCAN-SBD,11.0,100.0,0.89,0.0,0.12983823904091668,0.5366666666666666,0.20419893407976022,3.0
165,0,100,500,identity,uniform,uniform,160,20,K-S test,47.0,100.0,0.53,0.9,0.9121819237672897,0.9579532070555332,0.9335340136116793,3.0
166,0,100,500,identity,uniform,uniform,160,20,NSigma,46.8,100.0,0.532,0.9,0.9201849725477775,0.9555004511901064,0.9364764760392961,3.0
167,0,100,500,identity,uniform,uniform,160,20,TSifter,45.6,100.0,0.5439999999999999,0.9,0.9223224184352233,1.0,0.958847127536861,3.0
168,0,100,750,identity,exponential,normal,160,20,BIRCH,76.0,100.0,0.24,1.0,0.9904139433551198,0.6040920448866476,0.7372074226507175,3.0
169,0,100,750,identity,exponential,normal,160,20,FluxInfer-AD,69.2,100.0,0.308,1.0,0.8965200494612258,0.5943921019862858,0.6996688580398988,3.0
170,0,100,750,identity,exponential,normal,160,20,HDBSCAN-PEARSON,12.4,100.0,0.876,0.3,0.16211249789343096,0.5716283716283717,0.24673733650579707,3.0
171,0,100,750,identity,exponential,normal,160,20,HDBSCAN-SBD,12.0,100.0,0.8800000000000001,0.0,0.15212638094483938,0.55995670995671,0.23144155569982522,3.0
172,0,100,750,identity,exponential,normal,160,20,K-S test,43.2,100.0,0.568,1.0,0.8256830867378534,0.8975489955018151,0.8440789804852585,3.0
173,0,100,750,identity,exponential,normal,160,20,NSigma,78.8,100.0,0.21200000000000002,1.0,0.9813048342460107,0.5766174026221653,0.7149652703694958,3.0
174,0,100,750,identity,exponential,normal,160,20,TSifter,42.4,100.0,0.576,1.0,0.8847553435788729,1.0,0.9298825312618415,3.0
175,0,100,750,identity,exponential,uniform,160,20,BIRCH,72.0,100.0,0.27999999999999997,1.0,0.9834408602150537,0.5471304612723806,0.675862910820894,3.0
176,0,100,750,identity,exponential,uniform,160,20,FluxInfer-AD,62.6,100.0,0.374,0.9333333333333332,0.8679436744739656,0.5355481645725548,0.630135769149509,3.0
177,0,100,750,identity,exponential,uniform,160,20,HDBSCAN-PEARSON,13.4,100.0,0.866,0.06666666666666667,0.16356208700819244,0.45336219336219336,0.22586449821538795,3.0
178,0,100,750,identity,exponential,uniform,160,20,HDBSCAN-SBD,11.4,100.0,0.8859999999999999,0.06666666666666667,0.15762732939758903,0.5264957264957265,0.22730672835935994,3.0
179,0,100,750,identity,exponential,uniform,160,20,K-S test,40.8,100.0,0.592,0.9333333333333332,0.8881997362721202,0.8565378336743844,0.8517391304347826,3.0
180,0,100,750,identity,exponential,uniform,160,20,NSigma,67.2,100.0,0.328,1.0,0.9802150537634409,0.5735783822948517,0.7091789012477081,3.0
181,0,100,750,identity,exponential,uniform,160,20,TSifter,39.6,100.0,0.604,1.0,0.9744126369303394,1.0,0.9869163223140495,3.0
182,0,100,750,identity,laplace,normal,160,20,BIRCH,79.4,100.0,0.20600000000000002,0.8333333333333333,0.9325551799798376,0.7158002532995761,0.8031636716820157,3.0
183,0,100,750,identity,laplace,normal,160,20,FluxInfer-AD,74.0,100.0,0.26,0.9333333333333332,0.8802869986678873,0.7265319896645197,0.7815899836623055,3.0
184,0,100,750,identity,laplace,normal,160,20,HDBSCAN-PEARSON,11.8,100.0,0.882,0.24666666666666667,0.12146063469885722,0.6307692307692307,0.19958917927210704,3.0
185,0,100,750,identity,laplace,normal,160,20,HDBSCAN-SBD,11.0,100.0,0.89,0.2,0.1193295033288351,0.6560489510489511,0.19542114001252242,3.0
186,0,100,750,identity,laplace,normal,160,20,K-S test,56.6,100.0,0.434,0.7333333333333333,0.8638165213781652,0.9415819580844385,0.898499352180069,3.0
187,0,100,750,identity,laplace,normal,160,20,NSigma,75.2,100.0,0.248,0.8666666666666666,0.9080281088774239,0.7331206427980621,0.8083902114782748,3.0
188,0,100,750,identity,laplace,normal,160,20,TSifter,57.4,100.0,0.426,0.7666666666666666,0.9141964063333926,0.9944444444444445,0.9515427390357395,3.0
189,0,100,750,identity,laplace,uniform,160,20,BIRCH,71.2,100.0,0.288,0.95,0.978167983611355,0.6665417105296942,0.7814216284804519,3.0
190,0,100,750,identity,laplace,uniform,160,20,FluxInfer-AD,73.6,100.0,0.264,0.95,0.9880144730890998,0.6575751211452603,0.7775767039868775,3.0
191,0,100,750,identity,laplace,uniform,160,20,HDBSCAN-PEARSON,12.4,100.0,0.876,0.05,0.1251045442441404,0.4916083916083916,0.19482746109611782,3.0
192,0,100,750,identity,laplace,uniform,160,20,HDBSCAN-SBD,11.8,100.0,0.882,0.15,0.11488630461413604,0.47109557109557115,0.18208608790720718,3.0
193,0,100,750,identity,laplace,uniform,160,20,K-S test,47.6,100.0,0.524,0.9,0.9402931864740468,0.9604700854700855,0.9486180960925807,3.0
194,0,100,750,identity,laplace,uniform,160,20,NSigma,71.0,100.0,0.29,0.95,0.9751829089844893,0.6651461734118935,0.7807030150651266,3.0
195,0,100,750,identity,laplace,uniform,160,20,TSifter,47.0,100.0,0.53,0.95,0.9552185596083753,0.9967213114754099,0.975189393939394,3.0
196,0,100,750,identity,normal,normal,160,20,BIRCH,71.8,100.0,0.28200000000000003,1.0,0.9422222222222223,0.47930251014920716,0.606821728626016,3.0
197,0,100,750,identity,normal,normal,160,20,FluxInfer-AD,62.8,100.0,0.372,1.0,0.8602673350041771,0.5025141479640027,0.616876127973749,3.0
198,0,100,750,identity,normal,normal,160,20,HDBSCAN-PEARSON,13.8,100.0,0.8619999999999999,0.2,0.20680524841515555,0.4734224109224109,0.2585071370852799,3.0
199,0,100,750,identity,normal,normal,160,20,HDBSCAN-SBD,12.6,100.0,0.874,0.1,0.11465673988893803,0.3715811965811966,0.15842088676934413,3.0
200,0,100,750,identity,normal,normal,160,20,K-S test,34.4,100.0,0.6559999999999999,0.9,0.8020040296820483,0.8863801054018445,0.8269435793542241,3.0
201,0,100,750,identity,normal,normal,160,20,NSigma,40.2,100.0,0.5980000000000001,0.9,0.8548366013071895,0.7284691282205781,0.7573857134138795,3.0
202,0,100,750,identity,normal,normal,160,20,TSifter,34.8,100.0,0.6519999999999999,1.0,0.9070833947614133,0.9942857142857143,0.9473055608361836,3.0
203,0,100,750,identity,normal,uniform,160,20,BIRCH,79.8,100.0,0.202,1.0,1.0,0.6522562575043954,0.7820039825070149,3.0
204,0,100,750,identity,normal,uniform,160,20,FluxInfer-AD,67.4,100.0,0.32599999999999996,1.0,0.9361776128123174,0.7162321166747538,0.8054324019731467,3.0
205,0,100,750,identity,normal,uniform,160,20,HDBSCAN-PEARSON,10.6,100.0,0.8939999999999999,0.0,0.1094864907396856,0.5351981351981352,0.18133848133848135,3.0
206,0,100,750,identity,normal,uniform,160,20,HDBSCAN-SBD,12.0,100.0,0.8800000000000001,0.0,0.12903015865263737,0.5514285714285714,0.20874056895485466,3.0
207,0,100,750,identity,normal,uniform,160,20,K-S test,50.2,100.0,0.49800000000000005,0.9333333333333332,0.9492874830648124,0.9699282296650719,0.9591060854560245,3.0
208,0,100,750,identity,normal,uniform,160,20,NSigma,63.0,100.0,0.37,1.0,0.9896690380451594,0.8138457406144756,0.887715707095003,3.0
209,0,100,750,identity,normal,uniform,160,20,TSifter,50.0,100.0,0.5,0.9333333333333332,0.9693260473588342,0.9964912280701753,0.9825413006566176,3.0
210,0,100,750,identity,uniform,normal,160,20,BIRCH,78.6,100.0,0.21400000000000002,1.0,0.9967213114754099,0.5715145145591393,0.7162142014570609,3.0
211,0,100,750,identity,uniform,normal,160,20,FluxInfer-AD,73.6,100.0,0.264,0.9,0.9799884958297383,0.5986175519835019,0.7290259256031069,3.0
212,0,100,750,identity,uniform,normal,160,20,HDBSCAN-PEARSON,10.6,100.0,0.8939999999999999,0.2,0.11764856109313233,0.5273809523809524,0.18508226062990496,3.0
213,0,100,750,identity,uniform,normal,160,20,HDBSCAN-SBD,10.2,100.0,0.898,0.1,0.11344751475342363,0.4777000777000778,0.17440042972768738,3.0
214,0,100,750,identity,uniform,normal,160,20,K-S test,49.8,100.0,0.502,1.0,0.9708975867388292,0.8890671452642908,0.9261689398249189,3.0
215,0,100,750,identity,uniform,normal,160,20,NSigma,50.2,100.0,0.49800000000000005,1.0,0.9552493005987397,0.8672745712705145,0.9039743536320779,3.0
216,0,100,750,identity,uniform,normal,160,20,TSifter,45.6,100.0,0.5439999999999999,1.0,0.9832671843543285,1.0,0.9915069246537673,3.0
217,0,100,750,identity,uniform,uniform,160,20,BIRCH,78.0,100.0,0.22000000000000003,1.0,0.9923076923076923,0.5409378489246575,0.6812339677297697,3.0
218,0,100,750,identity,uniform,uniform,160,20,FluxInfer-AD,69.2,100.0,0.308,1.0,0.9604545454545456,0.5746894902982884,0.7087149820376387,3.0
219,0,100,750,identity,uniform,uniform,160,20,HDBSCAN-PEARSON,10.6,100.0,0.8939999999999999,0.06666666666666667,0.1298251748251748,0.4979797979797979,0.20041896841896842,3.0
220,0,100,750,identity,uniform,uniform,160,20,HDBSCAN-SBD,11.2,100.0,0.8880000000000001,0.06666666666666667,0.14027972027972027,0.527878787878788,0.21626329681670242,3.0
221,0,100,750,identity,uniform,uniform,160,20,K-S test,44.0,100.0,0.56,1.0,0.9431468531468532,0.9163251101417746,0.9278395632575199,3.0
222,0,100,750,identity,uniform,uniform,160,20,NSigma,44.8,100.0,0.552,1.0,0.9757692307692307,0.9170160791589363,0.9410406368012738,3.0
223,0,100,750,identity,uniform,uniform,160,20,TSifter,41.8,100.0,0.5820000000000001,1.0,0.9653846153846153,1.0,0.9819827025542212,3.0
224,1,50,100,identity,exponential,normal,160,20,BIRCH,32.6,50.0,0.348,1.0,1.0,0.29384823848238484,0.44786469344608887,3.0
225,1,50,100,identity,exponential,normal,160,20,FluxInfer-AD,19.6,50.0,0.608,0.0,0.02857142857142857,0.013333333333333332,0.01818181818181818,3.0
226,1,50,100,identity,exponential,normal,160,20,HDBSCAN-PEARSON,7.0,50.0,0.86,0.35,0.189010989010989,0.24992063492063493,0.21317088708393053,3.0
227,1,50,100,identity,exponential,normal,160,20,HDBSCAN-SBD,6.2,50.0,0.876,0.2,0.23186813186813185,0.35619047619047617,0.2745787545787546,3.0
228,1,50,100,identity,exponential,normal,160,20,K-S test,10.4,50.0,0.792,1.0,1.0,0.9233333333333335,0.959047619047619,3.0
229,1,50,100,identity,exponential,normal,160,20,NSigma,39.2,50.0,0.21600000000000003,1.0,1.0,0.24295411690760527,0.38569150148097514,3.0
230,1,50,100,identity,exponential,normal,160,20,TSifter,9.6,50.0,0.808,0.9,0.9384615384615385,0.9272727272727274,0.9191919191919192,3.0
231,1,50,100,identity,exponential,uniform,160,20,BIRCH,35.6,50.0,0.288,1.0,1.0,0.41214071214071213,0.5675264062883812,3.0
232,1,50,100,identity,exponential,uniform,160,20,FluxInfer-AD,17.0,50.0,0.6599999999999999,0.0,0.08888888888888888,0.032,0.047058823529411764,3.0
233,1,50,100,identity,exponential,uniform,160,20,HDBSCAN-PEARSON,7.6,50.0,0.8480000000000001,0.0,0.17280574624968217,0.3630952380952381,0.22772125723738626,3.0
234,1,50,100,identity,exponential,uniform,160,20,HDBSCAN-SBD,7.0,50.0,0.86,0.16666666666666666,0.21133231629799135,0.43571428571428567,0.272014652014652,3.0
235,1,50,100,identity,exponential,uniform,160,20,K-S test,15.4,50.0,0.692,1.0,0.8944927536231884,0.8197807017543859,0.8481857248580509,3.0
236,1,50,100,identity,exponential,uniform,160,20,NSigma,38.0,50.0,0.24,1.0,1.0,0.3830578252671276,0.5415812758669901,3.0
237,1,50,100,identity,exponential,uniform,160,20,TSifter,13.0,50.0,0.74,1.0,0.9217391304347826,1.0,0.9513513513513514,3.0
238,1,50,100,identity,laplace,normal,160,20,BIRCH,33.6,50.0,0.328,1.0,1.0,0.366819157822104,0.5097980117257963,3.0
239,1,50,100,identity,laplace,normal,160,20,FluxInfer-AD,18.2,50.0,0.636,0.0,0.17066666666666666,0.08112745098039216,0.09480798771121351,3.0
240,1,50,100,identity,laplace,normal,160,20,HDBSCAN-PEARSON,8.8,50.0,0.8240000000000001,0.06666666666666667,0.2166666666666667,0.3044444444444444,0.2413852813852814,3.0
241,1,50,100,identity,laplace,normal,160,20,HDBSCAN-SBD,7.8,50.0,0.844,0.16666666666666666,0.2166666666666667,0.3672222222222222,0.2553030303030303,3.0
242,1,50,100,identity,laplace,normal,160,20,K-S test,6.2,50.0,0.876,0.4,0.27266666666666667,0.37948717948717947,0.3065730994152046,3.0
243,1,50,100,identity,laplace,normal,160,20,NSigma,34.2,50.0,0.316,1.0,1.0,0.36241710562593416,0.5061869427122505,3.0
244,1,50,100,identity,laplace,normal,160,20,TSifter,7.8,50.0,0.844,0.7,0.712,0.7714285714285715,0.7282051282051282,3.0
245,1,50,100,identity,laplace,uniform,160,20,BIRCH,33.0,50.0,0.33999999999999997,1.0,1.0,0.45051255793191275,0.5865094618718534,3.0
246,1,50,100,identity,laplace,uniform,160,20,FluxInfer-AD,14.4,50.0,0.712,0.0,0.06385964912280702,0.16428571428571428,0.08951612903225806,3.0
247,1,50,100,identity,laplace,uniform,160,20,HDBSCAN-PEARSON,6.8,50.0,0.8640000000000001,0.3,0.24657894736842106,0.40428571428571425,0.2608465608465608,3.0
248,1,50,100,identity,laplace,uniform,160,20,HDBSCAN-SBD,7.2,50.0,0.8559999999999999,0.3,0.15543859649122807,0.33055555555555555,0.20714285714285713,3.0
249,1,50,100,identity,laplace,uniform,160,20,K-S test,6.4,50.0,0.8720000000000001,0.15,0.2533333333333333,0.4246153846153846,0.30718427518427516,3.0
250,1,50,100,identity,laplace,uniform,160,20,NSigma,33.6,50.0,0.328,1.0,1.0,0.4447938705324104,0.5817176443021167,3.0
251,1,50,100,identity,laplace,uniform,160,20,TSifter,6.6,50.0,0.868,0.41666666666666663,0.37219298245614035,0.8,0.45554859207033116,3.0
252,1,50,100,identity,normal,normal,160,20,BIRCH,38.0,50.0,0.24,1.0,1.0,0.3149091251530276,0.46131618667922575,3.0
253,1,50,100,identity,normal,normal,160,20,FluxInfer-AD,20.8,50.0,0.584,0.2333333333333333,0.08666666666666667,0.0577953447518665,0.06626984126984127,3.0
254,1,50,100,identity,normal,normal,160,20,HDBSCAN-PEARSON,7.4,50.0,0.852,0.13333333333333333,0.2111111111111111,0.3146031746031746,0.23711640211640211,3.0
255,1,50,100,identity,normal,normal,160,20,HDBSCAN-SBD,6.2,50.0,0.876,0.1,0.1488888888888889,0.29047619047619044,0.1877995642701525,3.0
256,1,50,100,identity,normal,normal,160,20,K-S test,3.8,50.0,0.924,0.4666666666666666,0.14555555555555555,0.5238095238095238,0.20447957839262187,3.0
257,1,50,100,identity,normal,normal,160,20,NSigma,23.0,50.0,0.54,1.0,1.0,0.5026267108381293,0.6552663556718625,3.0
258,1,50,100,identity,normal,normal,160,20,TSifter,5.0,50.0,0.9,0.6333333333333333,0.5777777777777777,0.8,0.6327272727272727,3.0
259,1,50,100,identity,normal,uniform,160,20,BIRCH,33.6,50.0,0.328,1.0,0.9777777777777779,0.32267471091000505,0.4695013469679477,3.0
260,1,50,100,identity,normal,uniform,160,20,FluxInfer-AD,16.8,50.0,0.664,0.0,0.0784313725490196,0.02074074074074074,0.02583333333333333,3.0
261,1,50,100,identity,normal,uniform,160,20,HDBSCAN-PEARSON,7.0,50.0,0.86,0.0,0.16623428858722977,0.22857142857142856,0.17136363636363636,3.0
262,1,50,100,identity,normal,uniform,160,20,HDBSCAN-SBD,6.6,50.0,0.868,0.2,0.14005027652086474,0.2523809523809524,0.179,3.0
263,1,50,100,identity,normal,uniform,160,20,K-S test,4.4,50.0,0.9120000000000001,0.3,0.27386626445449974,0.6033333333333333,0.3035647088736334,3.0
264,1,50,100,identity,normal,uniform,160,20,NSigma,22.4,50.0,0.5519999999999999,1.0,0.9777777777777779,0.47144694386073704,0.6203295017795701,3.0
265,1,50,100,identity,normal,uniform,160,20,TSifter,10.6,50.0,0.788,1.0,0.9377777777777778,1.0,0.9660130718954247,3.0
266,1,50,100,identity,uniform,normal,160,20,BIRCH,35.6,50.0,0.288,1.0,1.0,0.350671517503436,0.4966926282708205,3.0
267,1,50,100,identity,uniform,normal,160,20,FluxInfer-AD,25.8,50.0,0.484,0.26666666666666666,0.382051282051282,0.17701949441079876,0.2213105297091859,3.0
268,1,50,100,identity,uniform,normal,160,20,HDBSCAN-PEARSON,7.2,50.0,0.8560000000000001,0.1,0.17846153846153845,0.3119047619047619,0.1921919191919192,3.0
269,1,50,100,identity,uniform,normal,160,20,HDBSCAN-SBD,7.0,50.0,0.86,0.06666666666666667,0.1753846153846154,0.26769841269841266,0.17735245462949448,3.0
270,1,50,100,identity,uniform,normal,160,20,K-S test,6.6,50.0,0.868,0.36666666666666664,0.2658119658119658,0.48,0.32253771073646853,3.0
271,1,50,100,identity,uniform,normal,160,20,NSigma,13.6,50.0,0.728,1.0,1.0,0.9818181818181818,0.9904761904761905,3.0
272,1,50,100,identity,uniform,normal,160,20,TSifter,11.0,50.0,0.78,0.7666666666666666,0.8803418803418804,1.0,0.9261904761904762,3.0
273,1,50,100,identity,uniform,uniform,160,20,BIRCH,39.0,50.0,0.22000000000000003,1.0,1.0,0.25759074259074255,0.3945505800481898,3.0
274,1,50,100,identity,uniform,uniform,160,20,FluxInfer-AD,25.4,50.0,0.492,0.2,0.2833333333333333,0.05397802197802197,0.08922814134728302,3.0
275,1,50,100,identity,uniform,uniform,160,20,HDBSCAN-PEARSON,7.8,50.0,0.844,0.3,0.17948717948717946,0.20555555555555555,0.17914786967418544,3.0
276,1,50,100,identity,uniform,uniform,160,20,HDBSCAN-SBD,5.8,50.0,0.884,0.4,0.17820512820512818,0.3038095238095238,0.2033557773495854,3.0
277,1,50,100,identity,uniform,uniform,160,20,K-S test,3.2,50.0,0.9359999999999999,0.0,0.1423076923076923,0.3942857142857143,0.20444444444444443,3.0
278,1,50,100,identity,uniform,uniform,160,20,NSigma,11.4,50.0,0.772,1.0,0.9833333333333332,0.8272268907563024,0.8975498575498575,3.0
279,1,50,100,identity,uniform,uniform,160,20,TSifter,9.0,50.0,0.82,0.9,0.95,1.0,0.9714285714285715,3.0
280,1,50,200,identity,exponential,normal,160,20,BIRCH,37.8,50.0,0.244,1.0,0.9862068965517242,0.5061139046022767,0.6482881553875468,3.0
281,1,50,200,identity,exponential,normal,160,20,FluxInfer-AD,17.6,50.0,0.648,0.1,0.09436281859070465,0.16519607843137254,0.11633129904097646,3.0
282,1,50,200,identity,exponential,normal,160,20,HDBSCAN-PEARSON,7.6,50.0,0.8480000000000001,0.1,0.1994662668665667,0.5176190476190475,0.26981110142400466,3.0
283,1,50,200,identity,exponential,normal,160,20,HDBSCAN-SBD,7.6,50.0,0.8480000000000001,0.05,0.18547226386806598,0.4753968253968254,0.24864037922861454,3.0
284,1,50,200,identity,exponential,normal,160,20,K-S test,19.6,50.0,0.608,0.9,0.9049475262368816,0.8778899835796388,0.8759515616658474,3.0
285,1,50,200,identity,exponential,normal,160,20,NSigma,44.0,50.0,0.12000000000000002,1.0,0.9862068965517242,0.46360329343778817,0.5994965045438377,3.0
286,1,50,200,identity,exponential,normal,160,20,TSifter,18.8,50.0,0.624,0.65,0.7124137931034482,0.784,0.741557734204793,3.0
287,1,50,200,identity,exponential,uniform,160,20,BIRCH,40.8,50.0,0.184,1.0,1.0,0.5389269900689635,0.6727009194051814,3.0
288,1,50,200,identity,exponential,uniform,160,20,FluxInfer-AD,14.2,50.0,0.716,0.06666666666666667,0.05429864253393666,0.1393939393939394,0.07766081871345029,3.0
289,1,50,200,identity,exponential,uniform,160,20,HDBSCAN-PEARSON,6.0,50.0,0.8800000000000001,0.0,0.12826889425018378,0.4838095238095238,0.19426373626373625,3.0
290,1,50,200,identity,exponential,uniform,160,20,HDBSCAN-SBD,6.6,50.0,0.868,0.0,0.14689858869088915,0.5119047619047619,0.22098193760262724,3.0
291,1,50,200,identity,exponential,uniform,160,20,K-S test,21.0,50.0,0.58,0.9333333333333333,0.9153846153846154,0.9406666666666667,0.922902097902098,3.0
292,1,50,200,identity,exponential,uniform,160,20,NSigma,45.0,50.0,0.1,1.0,1.0,0.4803372352285395,0.6290300925392325,3.0
293,1,50,200,identity,exponential,uniform,160,20,TSifter,20.8,50.0,0.584,0.9333333333333333,0.9461538461538461,0.9777777777777779,0.9571241830065359,3.0
294,1,50,200,identity,laplace,normal,160,20,BIRCH,35.0,50.0,0.3,1.0,1.0,0.513190213929789,0.6688907171260112,3.0
295,1,50,200,identity,laplace,normal,160,20,FluxInfer-AD,14.8,50.0,0.704,0.0,0.06749656750572082,0.07744360902255638,0.07140929246192404,3.0
296,1,50,200,identity,laplace,normal,160,20,HDBSCAN-PEARSON,6.8,50.0,0.8640000000000001,0.0,0.16116857360793285,0.4376190476190476,0.2283085369292266,3.0
297,1,50,200,identity,laplace,normal,160,20,HDBSCAN-SBD,7.2,50.0,0.8560000000000001,0.4,0.19319755911517925,0.43809523809523815,0.25480916932529835,3.0
298,1,50,200,identity,laplace,normal,160,20,K-S test,2.6,50.0,0.9480000000000001,0.26666666666666666,0.14441495041952707,0.6666666666666667,0.23089920831856317,3.0
299,1,50,200,identity,laplace,normal,160,20,NSigma,35.4,50.0,0.292,1.0,1.0,0.5086295455977815,0.6697938486244938,3.0
300,1,50,200,identity,laplace,normal,160,20,TSifter,14.2,50.0,0.716,0.7333333333333333,0.7833043478260869,0.8,0.7914739229024943,3.0
301,1,50,200,identity,laplace,uniform,160,20,BIRCH,37.0,50.0,0.26,1.0,1.0,0.7219240353394246,0.8370295287673587,3.0
302,1,50,200,identity,laplace,uniform,160,20,FluxInfer-AD,11.6,50.0,0.768,0.0,0.014451612903225807,0.028431372549019607,0.018826135105204873,3.0
303,1,50,200,identity,laplace,uniform,160,20,HDBSCAN-PEARSON,7.4,50.0,0.852,0.0,0.18265692491498944,0.6690909090909092,0.28237473427401516,3.0
304,1,50,200,identity,laplace,uniform,160,20,HDBSCAN-SBD,8.0,50.0,0.8400000000000001,0.0,0.15029795055601508,0.5111111111111111,0.23060468942821882,3.0
305,1,50,200,identity,laplace,uniform,160,20,K-S test,11.2,50.0,0.776,0.4,0.3757059093833287,0.7367588932806324,0.4625438596491228,3.0
306,1,50,200,identity,laplace,uniform,160,20,NSigma,38.0,50.0,0.24,1.0,1.0,0.7033082706766918,0.8239663717924588,3.0
307,1,50,200,identity,laplace,uniform,160,20,TSifter,22.4,50.0,0.552,0.7,0.8325682382133994,1.0,0.8866765196063018,3.0
308,1,50,200,identity,normal,normal,160,20,BIRCH,33.6,50.0,0.328,1.0,1.0,0.3989772816267881,0.5429373016105765,3.0
309,1,50,200,identity,normal,normal,160,20,FluxInfer-AD,17.0,50.0,0.6599999999999999,0.15,0.05705128205128205,0.06608187134502924,0.06011904761904763,3.0
310,1,50,200,identity,normal,normal,160,20,HDBSCAN-PEARSON,6.2,50.0,0.876,0.0,0.161007326007326,0.24904761904761905,0.1735741462838237,3.0
311,1,50,200,identity,normal,normal,160,20,HDBSCAN-SBD,5.4,50.0,0.892,0.15,0.1863919413919414,0.37523809523809526,0.23039598997493735,3.0
312,1,50,200,identity,normal,normal,160,20,K-S test,5.0,50.0,0.9,0.15,0.21153846153846154,0.4,0.26554621848739496,3.0
313,1,50,200,identity,normal,normal,160,20,NSigma,22.4,50.0,0.5519999999999999,1.0,1.0,0.5859523809523809,0.7006706743548848,3.0
314,1,50,200,identity,normal,normal,160,20,TSifter,11.8,50.0,0.764,0.75,0.8839743589743589,1.0,0.9220604703247479,3.0
315,1,50,200,identity,normal,uniform,160,20,BIRCH,39.4,50.0,0.21200000000000002,1.0,1.0,0.5332428249664912,0.6935097855027618,3.0
316,1,50,200,identity,normal,uniform,160,20,FluxInfer-AD,14.6,50.0,0.708,0.0,0.016,0.026666666666666665,0.02,3.0
317,1,50,200,identity,normal,uniform,160,20,HDBSCAN-PEARSON,7.8,50.0,0.844,0.1,0.14774327122153208,0.365,0.20755259345117355,3.0
318,1,50,200,identity,normal,uniform,160,20,HDBSCAN-SBD,9.0,50.0,0.82,0.1,0.21204968944099378,0.4909090909090909,0.29377422725587354,3.0
319,1,50,200,identity,normal,uniform,160,20,K-S test,2.6,50.0,0.9480000000000001,0.1,0.09,0.3,0.13724340175953081,3.0
320,1,50,200,identity,normal,uniform,160,20,NSigma,28.2,50.0,0.43600000000000005,1.0,1.0,0.7525294525294525,0.8556931012250161,3.0
321,1,50,200,identity,normal,uniform,160,20,TSifter,16.2,50.0,0.6759999999999999,0.8,0.8021086956521739,1.0,0.8396298917989686,3.0
322,1,50,200,identity,uniform,normal,160,20,BIRCH,37.6,50.0,0.248,1.0,1.0,0.4970238095238095,0.6511680911680912,3.0
323,1,50,200,identity,uniform,normal,160,20,FluxInfer-AD,22.0,50.0,0.5599999999999999,0.4,0.3112530585356672,0.21140096618357487,0.24116897595158462,3.0
324,1,50,200,identity,uniform,normal,160,20,HDBSCAN-PEARSON,7.6,50.0,0.8480000000000001,0.36666666666666664,0.14174148315452664,0.3657142857142857,0.20139690658872245,3.0
325,1,50,200,identity,uniform,normal,160,20,HDBSCAN-SBD,7.6,50.0,0.8480000000000001,0.0,0.1655458309806136,0.4087301587301587,0.22775386742718867,3.0
326,1,50,200,identity,uniform,normal,160,20,K-S test,2.4,50.0,0.952,0.4,0.12625494071146245,0.6666666666666666,0.2068987854251012,3.0
327,1,50,200,identity,uniform,normal,160,20,NSigma,19.6,50.0,0.608,1.0,1.0,0.9397891963109355,0.9684430935494766,3.0
328,1,50,200,identity,uniform,normal,160,20,TSifter,13.6,50.0,0.728,0.9,0.7506493506493507,1.0,0.840950040950041,3.0
329,1,50,200,identity,uniform,uniform,160,20,BIRCH,41.6,50.0,0.16799999999999998,1.0,1.0,0.5281402379386702,0.6510884320977934,3.0
330,1,50,200,identity,uniform,uniform,160,20,FluxInfer-AD,21.2,50.0,0.5760000000000001,0.1,0.21313230673844483,0.3173913043478261,0.2377831681871833,3.0
331,1,50,200,identity,uniform,uniform,160,20,HDBSCAN-PEARSON,7.4,50.0,0.852,0.0,0.13943831104956422,0.41833333333333333,0.1894072068402885,3.0
332,1,50,200,identity,uniform,uniform,160,20,HDBSCAN-SBD,7.6,50.0,0.8480000000000001,0.0,0.19359830280546392,0.528968253968254,0.2615063206542524,3.0
333,1,50,200,identity,uniform,uniform,160,20,K-S test,7.0,50.0,0.86,0.11666666666666665,0.2833838795475624,0.8238095238095238,0.4107843137254902,3.0
334,1,50,200,identity,uniform,uniform,160,20,NSigma,24.0,50.0,0.52,1.0,1.0,0.9476190476190476,0.9716965046888321,3.0
335,1,50,200,identity,uniform,uniform,160,20,TSifter,21.4,50.0,0.5720000000000001,1.0,0.912678625722104,0.990909090909091,0.9470877192982456,3.0
336,1,100,500,identity,exponential,normal,160,20,BIRCH,77.4,100.0,0.22600000000000003,1.0,1.0,0.7028548329451202,0.8225909943557003,3.0
337,1,100,500,identity,exponential,normal,160,20,FluxInfer-AD,22.2,100.0,0.778,0.0,0.0493674834505944,0.07393479385889254,0.05804048582995952,3.0
338,1,100,500,identity,exponential,normal,160,20,HDBSCAN-PEARSON,13.0,100.0,0.8699999999999999,0.4,0.13049485847439435,0.534938394938395,0.20836156381718687,3.0
339,1,100,500,identity,exponential,normal,160,20,HDBSCAN-SBD,13.0,100.0,0.8699999999999999,0.2,0.15016693372122392,0.6288711288711288,0.24151120267272716,3.0
340,1,100,500,identity,exponential,normal,160,20,K-S test,49.8,100.0,0.502,0.9,0.87157092037185,0.9403021917549763,0.9001745626741766,3.0
341,1,100,500,identity,exponential,normal,160,20,NSigma,85.0,100.0,0.15,1.0,1.0,0.6392778017285956,0.7780236872830562,3.0
342,1,100,500,identity,exponential,normal,160,20,TSifter,51.2,100.0,0.488,0.8,0.9359925461459042,0.988099619678567,0.9599944145574272,3.0
343,1,100,500,identity,exponential,uniform,160,20,BIRCH,79.2,100.0,0.20800000000000002,1.0,1.0,0.5544316794316795,0.6941860559722902,3.0
344,1,100,500,identity,exponential,uniform,160,20,FluxInfer-AD,25.2,100.0,0.748,0.0,0.04270111448834853,0.06362781954887217,0.04649455035376616,3.0
345,1,100,500,identity,exponential,uniform,160,20,HDBSCAN-PEARSON,11.6,100.0,0.884,0.16666666666666666,0.13089333125503338,0.49516483516483517,0.20415584415584415,3.0
346,1,100,500,identity,exponential,uniform,160,20,HDBSCAN-SBD,10.0,100.0,0.9,0.06666666666666667,0.1263902787519809,0.5599999999999999,0.19786521097263707,3.0
347,1,100,500,identity,exponential,uniform,160,20,K-S test,47.0,100.0,0.53,1.0,0.9571598212662042,0.8974984737484737,0.9237249096836726,3.0
348,1,100,500,identity,exponential,uniform,160,20,NSigma,79.0,100.0,0.21000000000000002,1.0,1.0,0.5507899764606518,0.6981464331130363,3.0
349,1,100,500,identity,exponential,uniform,160,20,TSifter,44.6,100.0,0.554,1.0,0.984,0.996875,0.9900918635170604,3.0
350,1,100,500,identity,laplace,normal,160,20,BIRCH,74.6,100.0,0.254,1.0,1.0,0.5899650309874621,0.7226346206567054,3.0
351,1,100,500,identity,laplace,normal,160,20,FluxInfer-AD,34.0,100.0,0.6599999999999999,0.0,0.12116518351812469,0.18616130416130416,0.12756198683731002,3.0
352,1,100,500,identity,laplace,normal,160,20,HDBSCAN-PEARSON,14.0,100.0,0.86,0.3333333333333333,0.17287216934275756,0.53989898989899,0.24555539342056196,3.0
353,1,100,500,identity,laplace,normal,160,20,HDBSCAN-SBD,14.0,100.0,0.86,0.2333333333333333,0.1847625012330895,0.5714285714285714,0.2664005715408705,3.0
354,1,100,500,identity,laplace,normal,160,20,K-S test,7.8,100.0,0.922,0.11666666666666665,0.12435001846766554,0.6133333333333333,0.19050166072250535,3.0
355,1,100,500,identity,laplace,normal,160,20,NSigma,73.6,100.0,0.264,1.0,0.9972972972972972,0.5836753524520769,0.7229745526867413,3.0
356,1,100,500,identity,laplace,normal,160,20,TSifter,24.2,100.0,0.758,0.65,0.537739236562766,0.9673076923076923,0.6373407636706597,3.0
357,1,100,500,identity,laplace,uniform,160,20,BIRCH,82.0,100.0,0.18,1.0,0.9924528301886791,0.6074086457905477,0.7502186862503069,3.0
358,1,100,500,identity,laplace,uniform,160,20,FluxInfer-AD,25.4,100.0,0.746,0.06666666666666667,0.0515704173350648,0.10574801488144817,0.0692027972027972,3.0
359,1,100,500,identity,laplace,uniform,160,20,HDBSCAN-PEARSON,12.4,100.0,0.876,0.04,0.12459991597280573,0.4895238095238096,0.19789166057822777,3.0
360,1,100,500,identity,laplace,uniform,160,20,HDBSCAN-SBD,12.6,100.0,0.874,0.0,0.126523056552848,0.4908358308358308,0.19966917069665474,3.0
361,1,100,500,identity,laplace,uniform,160,20,K-S test,7.8,100.0,0.922,0.1,0.11922739541160594,0.5181372549019608,0.18904951370468612,3.0
362,1,100,500,identity,laplace,uniform,160,20,NSigma,76.6,100.0,0.23399999999999999,1.0,0.9924528301886791,0.6472639966262588,0.7823419009623684,3.0
363,1,100,500,identity,laplace,uniform,160,20,TSifter,43.4,100.0,0.5660000000000001,0.7666666666666666,0.8687928093091946,0.9941176470588236,0.9219708911777877,3.0
364,1,100,500,identity,normal,normal,160,20,BIRCH,69.8,100.0,0.302,1.0,1.0,0.4340813740523868,0.557926570656165,3.0
365,1,100,500,identity,normal,normal,160,20,FluxInfer-AD,36.8,100.0,0.632,0.1,0.11662745098039215,0.14161838161838164,0.09162435500515996,3.0
366,1,100,500,identity,normal,normal,160,20,HDBSCAN-PEARSON,13.8,100.0,0.8619999999999999,0.1,0.1160672268907563,0.30303030303030304,0.15318223443223444,3.0
367,1,100,500,identity,normal,normal,160,20,HDBSCAN-SBD,13.2,100.0,0.868,0.1,0.16519887955182072,0.3833333333333333,0.20578308886235716,3.0
368,1,100,500,identity,normal,normal,160,20,K-S test,14.8,100.0,0.852,0.3333333333333333,0.29928851540616247,0.44378787878787873,0.2980842266054514,3.0
369,1,100,500,identity,normal,normal,160,20,NSigma,48.4,100.0,0.516,1.0,1.0,0.5898458889022388,0.7075030467605027,3.0
370,1,100,500,identity,normal,normal,160,20,TSifter,17.2,100.0,0.828,0.8166666666666667,0.7317647058823529,1.0,0.7797598627787308,3.0
371,1,100,500,identity,normal,uniform,160,20,BIRCH,78.2,100.0,0.21799999999999997,1.0,1.0,0.6943505727593889,0.8154684979031757,3.0
372,1,100,500,identity,normal,uniform,160,20,FluxInfer-AD,30.4,100.0,0.696,0.2,0.1764425134129884,0.233044670846395,0.18152729194973177,3.0
373,1,100,500,identity,normal,uniform,160,20,HDBSCAN-PEARSON,11.8,100.0,0.882,0.19,0.11569322558588666,0.5376223776223776,0.18970435033096428,3.0
374,1,100,500,identity,normal,uniform,160,20,HDBSCAN-SBD,10.8,100.0,0.892,0.29,0.12192198091332278,0.6061344537815125,0.19893139333136198,3.0
375,1,100,500,identity,normal,uniform,160,20,K-S test,16.0,100.0,0.8400000000000001,0.32,0.2445832256582537,0.5741935483870968,0.333917834187376,3.0
376,1,100,500,identity,normal,uniform,160,20,NSigma,63.6,100.0,0.364,1.0,1.0,0.8595832909158776,0.9234345021783505,3.0
377,1,100,500,identity,normal,uniform,160,20,TSifter,27.8,100.0,0.722,0.48,0.5384615384615385,0.5863636363636363,0.5565775401069518,3.0
378,1,100,500,identity,uniform,normal,160,20,BIRCH,77.8,100.0,0.22199999999999998,1.0,1.0,0.5422776897781734,0.6901179299622057,3.0
379,1,100,500,identity,uniform,normal,160,20,FluxInfer-AD,37.6,100.0,0.6239999999999999,0.2,0.22996236559139788,0.17915461624026696,0.17926852772056373,3.0
380,1,100,500,identity,uniform,normal,160,20,HDBSCAN-PEARSON,14.2,100.0,0.858,0.06666666666666667,0.1559247311827957,0.4512987012987013,0.22738088183003438,3.0
381,1,100,500,identity,uniform,normal,160,20,HDBSCAN-SBD,13.2,100.0,0.868,0.0,0.12285483870967742,0.39268966327789856,0.18228662202213614,3.0
382,1,100,500,identity,uniform,normal,160,20,K-S test,13.2,100.0,0.868,0.16666666666666666,0.19537096774193546,0.5426803081975496,0.27511523790593556,3.0
383,1,100,500,identity,uniform,normal,160,20,NSigma,46.0,100.0,0.54,1.0,1.0,0.9070973844083088,0.9489067159881237,3.0
384,1,100,500,identity,uniform,normal,160,20,TSifter,41.4,100.0,0.5860000000000001,0.9333333333333332,0.9517150537634409,0.9877551020408163,0.9690768849095285,3.0
385,1,100,500,identity,uniform,uniform,160,20,BIRCH,66.6,100.0,0.33399999999999996,1.0,1.0,0.4087590434257101,0.5690875135411466,3.0
386,1,100,500,identity,uniform,uniform,160,20,FluxInfer-AD,38.6,100.0,0.614,0.1,0.0890490268539049,0.06633333051680482,0.06982236855476291,3.0
387,1,100,500,identity,uniform,uniform,160,20,HDBSCAN-PEARSON,12.8,100.0,0.8720000000000001,0.0,0.1563808819906381,0.3064685314685315,0.193730538820329,3.0
388,1,100,500,identity,uniform,uniform,160,20,HDBSCAN-SBD,12.2,100.0,0.8779999999999999,0.05,0.16428923380142893,0.3543123543123543,0.21060428849902535,3.0
389,1,100,500,identity,uniform,uniform,160,20,K-S test,4.4,100.0,0.9560000000000001,0.0,0.10790835181079084,0.5033333333333333,0.16269005847953216,3.0
390,1,100,500,identity,uniform,uniform,160,20,NSigma,34.0,100.0,0.6599999999999999,1.0,0.9777777777777779,0.8027809799410169,0.8671682340647857,3.0
391,1,100,500,identity,uniform,uniform,160,20,TSifter,25.2,100.0,0.748,0.8,0.7951219512195122,0.8,0.7975308641975308,3.0
392,1,100,750,identity,exponential,normal,160,20,BIRCH,75.0,100.0,0.25,1.0,1.0,0.5496026721317322,0.6988083387350231,3.0
393,1,100,750,identity,exponential,normal,160,20,FluxInfer-AD,30.4,100.0,0.696,0.0,0.05438072383022354,0.07795454545454546,0.0623565328552055,3.0
394,1,100,750,identity,exponential,normal,160,20,HDBSCAN-PEARSON,15.0,100.0,0.85,0.0,0.16955354082756813,0.47797403576815345,0.24696728558797526,3.0
395,1,100,750,identity,exponential,normal,160,20,HDBSCAN-SBD,12.2,100.0,0.8779999999999999,0.1,0.16559275184852984,0.5616361416361416,0.2542358570222348,3.0
396,1,100,750,identity,exponential,normal,160,20,K-S test,42.8,100.0,0.572,1.0,0.9622312279395124,0.927209653092006,0.9432523401723193,3.0
397,1,100,750,identity,exponential,normal,160,20,NSigma,79.4,100.0,0.20600000000000002,1.0,1.0,0.5209259976134316,0.6718395516903841,3.0
398,1,100,750,identity,exponential,normal,160,20,TSifter,41.0,100.0,0.5900000000000001,1.0,0.9838829446113342,1.0,0.9918207282913165,3.0
399,1,100,750,identity,exponential,uniform,160,20,BIRCH,75.4,100.0,0.246,1.0,0.996078431372549,0.7157042751226492,0.8259973178005964,3.0
400,1,100,750,identity,exponential,uniform,160,20,FluxInfer-AD,22.6,100.0,0.774,0.0,0.035443037974683546,0.12727272727272726,0.05544554455445545,3.0
401,1,100,750,identity,exponential,uniform,160,20,HDBSCAN-PEARSON,11.6,100.0,0.884,0.06666666666666667,0.12650727571427497,0.5887223887223888,0.2000128290724245,3.0
402,1,100,750,identity,exponential,uniform,160,20,HDBSCAN-SBD,11.8,100.0,0.882,0.2,0.1317860876609946,0.5980952380952381,0.20428454553554792,3.0
403,1,100,750,identity,exponential,uniform,160,20,K-S test,49.8,100.0,0.502,1.0,0.9122859270290394,0.9745072501207417,0.935094447081158,3.0
404,1,100,750,identity,exponential,uniform,160,20,NSigma,82.8,100.0,0.172,1.0,0.9910151402333085,0.6574004660094873,0.7667484652560471,3.0
405,1,100,750,identity,exponential,uniform,160,20,TSifter,51.0,100.0,0.49000000000000005,1.0,0.9364606602134524,0.9889252591380251,0.9580089101559277,3.0
406,1,100,750,identity,laplace,normal,160,20,BIRCH,84.4,100.0,0.156,1.0,0.9953488372093023,0.7505214705507905,0.8530809859767079,3.0
407,1,100,750,identity,laplace,normal,160,20,FluxInfer-AD,23.4,100.0,0.766,0.11666666666666665,0.12452361946321822,0.25347771628976795,0.1525109863569666,3.0
408,1,100,750,identity,laplace,normal,160,20,HDBSCAN-PEARSON,10.6,100.0,0.8939999999999999,0.1,0.0968553503745883,0.5465934065934066,0.16404321328281157,3.0
409,1,100,750,identity,laplace,normal,160,20,HDBSCAN-SBD,11.0,100.0,0.89,0.21666666666666665,0.1014673395656313,0.59,0.1726110138135863,3.0
410,1,100,750,identity,laplace,normal,160,20,K-S test,24.6,100.0,0.754,0.4666666666666667,0.3264421797669097,0.7699063231850116,0.41867258982152594,3.0
411,1,100,750,identity,laplace,normal,160,20,NSigma,83.2,100.0,0.168,1.0,0.9953488372093023,0.7598528714586978,0.8599161657056393,3.0
412,1,100,750,identity,laplace,normal,160,20,TSifter,57.4,100.0,0.426,0.9,0.8960543759128188,1.0,0.9412836047068692,3.0
413,1,100,750,identity,laplace,uniform,160,20,BIRCH,82.6,100.0,0.174,1.0,1.0,0.5884755287681862,0.7145337530965706,3.0
414,1,100,750,identity,laplace,uniform,160,20,FluxInfer-AD,21.2,100.0,0.788,0.0,0.01184873949579832,0.08484848484848484,0.019047619047619046,3.0
415,1,100,750,identity,laplace,uniform,160,20,HDBSCAN-PEARSON,11.6,100.0,0.884,0.1,0.12995352686529157,0.5337529137529138,0.19809631988590337,3.0
416,1,100,750,identity,laplace,uniform,160,20,HDBSCAN-SBD,11.8,100.0,0.882,0.0,0.1354730073847721,0.5378787878787878,0.20653943108216472,3.0
417,1,100,750,identity,laplace,uniform,160,20,K-S test,11.6,100.0,0.884,0.2,0.19306977336389103,0.7913043478260869,0.2398598810310641,3.0
418,1,100,750,identity,laplace,uniform,160,20,NSigma,78.2,100.0,0.21800000000000003,1.0,0.9976470588235294,0.6197391304347827,0.7394489123269612,3.0
419,1,100,750,identity,laplace,uniform,160,20,TSifter,33.2,100.0,0.6679999999999999,0.5,0.5098764960529667,0.8,0.5559805892113585,3.0
420,1,100,750,identity,normal,normal,160,20,BIRCH,80.0,100.0,0.2,1.0,1.0,0.6354261913216709,0.7210079724089565,3.0
421,1,100,750,identity,normal,normal,160,20,FluxInfer-AD,23.4,100.0,0.766,0.0,0.024986737400530507,0.07139588100686499,0.03701298701298702,3.0
422,1,100,750,identity,normal,normal,160,20,HDBSCAN-PEARSON,14.4,100.0,0.8560000000000001,0.3,0.1794337501578881,0.588543956043956,0.23251395450102547,3.0
423,1,100,750,identity,normal,normal,160,20,HDBSCAN-SBD,12.8,100.0,0.8720000000000001,0.0,0.15624137931034482,0.549666673196085,0.19792777789842703,3.0
424,1,100,750,identity,normal,normal,160,20,K-S test,17.6,100.0,0.8240000000000001,0.4333333333333333,0.23797991663508905,0.5630650154798762,0.3109901355208043,3.0
425,1,100,750,identity,normal,normal,160,20,NSigma,66.0,100.0,0.33999999999999997,1.0,1.0,0.7253478891404048,0.7843030368330034,3.0
426,1,100,750,identity,normal,normal,160,20,TSifter,46.2,100.0,0.538,0.7,0.7204102564102565,0.8,0.7510386705017578,3.0
427,1,100,750,identity,normal,uniform,160,20,BIRCH,77.0,100.0,0.22999999999999998,1.0,1.0,0.6378360970276178,0.7596905305012843,3.0
428,1,100,750,identity,normal,uniform,160,20,FluxInfer-AD,34.6,100.0,0.654,0.0,0.13292124542124542,0.16707366707366705,0.12952380952380954,3.0
429,1,100,750,identity,normal,uniform,160,20,HDBSCAN-PEARSON,10.6,100.0,0.8939999999999999,0.06666666666666667,0.11379299421752251,0.5023076923076923,0.18087846793729145,3.0
430,1,100,750,identity,normal,uniform,160,20,HDBSCAN-SBD,12.0,100.0,0.8800000000000001,0.13333333333333333,0.13885015665676043,0.548974358974359,0.21894160589812764,3.0
431,1,100,750,identity,normal,uniform,160,20,K-S test,10.0,100.0,0.9,0.1,0.18347818324233417,0.7004395604395605,0.26005673099279236,3.0
432,1,100,750,identity,normal,uniform,160,20,NSigma,63.2,100.0,0.368,1.0,0.9952380952380953,0.7634350857358206,0.8498454276458867,3.0
433,1,100,750,identity,normal,uniform,160,20,TSifter,31.8,100.0,0.682,0.7333333333333333,0.7794642857142857,0.8,0.7894179894179894,3.0
434,1,100,750,identity,uniform,normal,160,20,BIRCH,76.0,100.0,0.24,1.0,0.9947368421052631,0.6106582374461728,0.7492617804490063,3.0
435,1,100,750,identity,uniform,normal,160,20,FluxInfer-AD,35.0,100.0,0.65,0.0,0.13916768665850673,0.15539811066126857,0.13558876523582405,3.0
436,1,100,750,identity,uniform,normal,160,20,HDBSCAN-PEARSON,12.8,100.0,0.8720000000000001,0.2,0.12939730626592202,0.4857830404889228,0.20011291638157308,3.0
437,1,100,750,identity,uniform,normal,160,20,HDBSCAN-SBD,11.4,100.0,0.8859999999999999,0.13333333333333333,0.09988245871521642,0.4101298701298702,0.15700138941518252,3.0
438,1,100,750,identity,uniform,normal,160,20,K-S test,8.0,100.0,0.9199999999999999,0.3,0.1762579744514939,0.7569696969696971,0.236951572139691,3.0
439,1,100,750,identity,uniform,normal,160,20,NSigma,49.0,100.0,0.51,1.0,0.9947368421052631,0.9689102564102564,0.9812187812187811,3.0
440,1,100,750,identity,uniform,normal,160,20,TSifter,39.4,100.0,0.606,0.7333333333333333,0.774296205630355,0.7962962962962963,0.7846667888339136,3.0
441,1,100,750,identity,uniform,uniform,160,20,BIRCH,88.2,100.0,0.11800000000000002,1.0,0.9969230769230769,0.6798268552650907,0.8055298272980732,3.0
442,1,100,750,identity,uniform,uniform,160,20,FluxInfer-AD,35.8,100.0,0.642,0.26666666666666666,0.23325499367768554,0.3514638582891337,0.2798091820460241,3.0
443,1,100,750,identity,uniform,uniform,160,20,HDBSCAN-PEARSON,11.6,100.0,0.884,0.04,0.1257419094388276,0.6436363636363637,0.2093595830437936,3.0
444,1,100,750,identity,uniform,uniform,160,20,HDBSCAN-SBD,13.0,100.0,0.8699999999999999,0.12,0.13065264804190407,0.5696825396825397,0.21147404928394287,3.0
445,1,100,750,identity,uniform,uniform,160,20,K-S test,20.6,100.0,0.7939999999999999,0.2866666666666667,0.3324107076446277,0.7423076923076923,0.4267012753621014,3.0
446,1,100,750,identity,uniform,uniform,160,20,NSigma,62.4,100.0,0.376,1.0,0.9969230769230769,0.9539620113493065,0.9740900407505316,3.0
447,1,100,750,identity,uniform,uniform,160,20,TSifter,39.4,100.0,0.606,0.6599999999999999,0.6395115995115994,0.8,0.6784825251418899,3.0
448,2,50,100,identity,exponential,normal,160,20,BIRCH,33.6,50.0,0.328,0.4,0.7818626057850195,0.4761351742827773,0.5705322312440685,3.0
449,2,50,100,identity,exponential,normal,160,20,FluxInfer-AD,18.4,50.0,0.632,0.4,0.17834849058986987,0.23316889632107024,0.19551559551559552,3.0
450,2,50,100,identity,exponential,normal,160,20,HDBSCAN-PEARSON,7.4,50.0,0.852,0.06666666666666667,0.1648866363521536,0.4863492063492063,0.2399858607281725,3.0
451,2,50,100,identity,exponential,normal,160,20,HDBSCAN-SBD,6.2,50.0,0.876,0.06666666666666667,0.18560913224706327,0.6152380952380951,0.2786813186813187,3.0
452,2,50,100,identity,exponential,normal,160,20,K-S test,10.0,50.0,0.8,0.1,0.53778135657446,0.9646153846153845,0.6654407814407814,3.0
453,2,50,100,identity,exponential,normal,160,20,NSigma,38.4,50.0,0.23200000000000004,0.6333333333333333,0.8725997852721991,0.46060315447412226,0.5886060798854803,3.0
454,2,50,100,identity,exponential,normal,160,20,TSifter,9.2,50.0,0.8160000000000001,0.0,0.44889588859416446,0.8814141414141414,0.573916083916084,3.0
455,2,50,100,identity,exponential,uniform,160,20,BIRCH,36.2,50.0,0.27599999999999997,0.35,0.8678362573099415,0.3714882645803698,0.514293073513686,3.0
456,2,50,100,identity,exponential,uniform,160,20,FluxInfer-AD,19.6,50.0,0.608,0.4,0.2219298245614035,0.18603371173030617,0.20090023369869328,3.0
457,2,50,100,identity,exponential,uniform,160,20,HDBSCAN-PEARSON,7.6,50.0,0.8480000000000001,0.2,0.195906432748538,0.4099206349206349,0.25653261358524515,3.0
458,2,50,100,identity,exponential,uniform,160,20,HDBSCAN-SBD,5.6,50.0,0.8880000000000001,0.1,0.19093567251461988,0.49333333333333335,0.27114285714285713,3.0
459,2,50,100,identity,exponential,uniform,160,20,K-S test,10.8,50.0,0.784,0.15,0.5754385964912281,0.8703296703296705,0.6747800586510264,3.0
460,2,50,100,identity,exponential,uniform,160,20,NSigma,39.6,50.0,0.20800000000000002,0.65,0.8824561403508773,0.332382109512669,0.4748850301024735,3.0
461,2,50,100,identity,exponential,uniform,160,20,TSifter,10.2,50.0,0.796,0.05,0.6383040935672515,0.9400000000000001,0.7295407636738906,3.0
462,2,50,100,identity,laplace,normal,160,20,BIRCH,34.2,50.0,0.316,0.5,0.8307032967032967,0.468968253968254,0.5884754762062786,3.0
463,2,50,100,identity,laplace,normal,160,20,FluxInfer-AD,19.6,50.0,0.608,0.7,0.23664335664335664,0.20337231968810915,0.19608521177913524,3.0
464,2,50,100,identity,laplace,normal,160,20,HDBSCAN-PEARSON,7.6,50.0,0.8480000000000001,0.2,0.20084715284715285,0.4904761904761905,0.27256769374416434,3.0
465,2,50,100,identity,laplace,normal,160,20,HDBSCAN-SBD,7.4,50.0,0.852,0.1,0.1568081918081918,0.4345238095238095,0.2241518523871465,3.0
466,2,50,100,identity,laplace,normal,160,20,K-S test,7.2,50.0,0.8560000000000001,0.1,0.2283046953046953,0.6672222222222223,0.30145272683972374,3.0
467,2,50,100,identity,laplace,normal,160,20,NSigma,34.8,50.0,0.304,0.5,0.8383956043956043,0.4628624747884308,0.5829347526402225,3.0
468,2,50,100,identity,laplace,normal,160,20,TSifter,10.8,50.0,0.784,0.0,0.5678121878121878,1.0,0.6847277692438982,3.0
469,2,50,100,identity,laplace,uniform,160,20,BIRCH,33.0,50.0,0.34,0.3,0.8639366515837104,0.3866735863823563,0.5118503135373479,3.0
470,2,50,100,identity,laplace,uniform,160,20,FluxInfer-AD,20.8,50.0,0.584,0.2,0.16898190045248868,0.13163615560640732,0.1455128205128205,3.0
471,2,50,100,identity,laplace,uniform,160,20,HDBSCAN-PEARSON,7.8,50.0,0.844,0.0,0.14263197586727,0.2591269841269841,0.1771228771228771,3.0
472,2,50,100,identity,laplace,uniform,160,20,HDBSCAN-SBD,6.6,50.0,0.868,0.0,0.20766591251885372,0.4726190476190476,0.2787605817354101,3.0
473,2,50,100,identity,laplace,uniform,160,20,K-S test,4.6,50.0,0.908,0.0,0.2427941176470588,0.5733333333333334,0.319617773530817,3.0
474,2,50,100,identity,laplace,uniform,160,20,NSigma,35.8,50.0,0.284,0.5,0.8845814479638008,0.34991360978203084,0.48964468984525633,3.0
475,2,50,100,identity,laplace,uniform,160,20,TSifter,8.8,50.0,0.8240000000000001,0.0,0.5995965309200603,0.9121212121212121,0.7037675606641124,3.0
476,2,50,100,identity,normal,normal,160,20,BIRCH,31.2,50.0,0.376,0.9,0.8502747252747251,0.40278787878787875,0.5427575908412146,3.0
477,2,50,100,identity,normal,normal,160,20,FluxInfer-AD,22.2,50.0,0.556,0.55,0.3208791208791209,0.2079402722880984,0.2478294984450935,3.0
478,2,50,100,identity,normal,normal,160,20,HDBSCAN-PEARSON,6.8,50.0,0.8640000000000001,0.0,0.14862637362637363,0.3173809523809524,0.20169544414395674,3.0
479,2,50,100,identity,normal,normal,160,20,HDBSCAN-SBD,5.4,50.0,0.892,0.0,0.164010989010989,0.4352380952380953,0.2310041407867495,3.0
480,2,50,100,identity,normal,normal,160,20,K-S test,3.4,50.0,0.932,0.2,0.10645604395604395,0.5571428571428572,0.1723642439431913,3.0
481,2,50,100,identity,normal,normal,160,20,NSigma,18.8,50.0,0.624,0.45,0.7248626373626375,0.5675457359977484,0.6337621945329857,3.0
482,2,50,100,identity,normal,normal,160,20,TSifter,7.8,50.0,0.844,0.2,0.5398351648351649,1.0,0.6717019043334833,3.0
483,2,50,100,identity,normal,uniform,160,20,BIRCH,39.2,50.0,0.21600000000000003,0.6,0.9446153846153846,0.4644728939465782,0.6120467080089722,3.0
484,2,50,100,identity,normal,uniform,160,20,FluxInfer-AD,19.0,50.0,0.62,0.6333333333333333,0.12871794871794873,0.14555342604878208,0.12687076794711338,3.0
485,2,50,100,identity,normal,uniform,160,20,HDBSCAN-PEARSON,6.0,50.0,0.8800000000000001,0.1,0.1864102564102564,0.5878571428571429,0.2770805016597443,3.0
486,2,50,100,identity,normal,uniform,160,20,HDBSCAN-SBD,7.0,50.0,0.86,0.0,0.14974358974358976,0.41428571428571426,0.21041334396597552,3.0
487,2,50,100,identity,normal,uniform,160,20,K-S test,8.8,50.0,0.8240000000000001,0.0,0.30256410256410254,0.64,0.39963712700554804,3.0
488,2,50,100,identity,normal,uniform,160,20,NSigma,25.6,50.0,0.488,0.4333333333333333,0.8958974358974359,0.6650307740866409,0.7565195246179967,3.0
489,2,50,100,identity,normal,uniform,160,20,TSifter,12.8,50.0,0.744,0.0,0.5794871794871794,0.7666666666666667,0.6524637681159421,3.0
490,2,50,100,identity,uniform,normal,160,20,BIRCH,34.6,50.0,0.308,0.6,0.881904761904762,0.3907358823511546,0.525699584316369,3.0
491,2,50,100,identity,uniform,normal,160,20,FluxInfer-AD,19.6,50.0,0.608,0.7,0.2278325123152709,0.1475982905982906,0.16446886446886447,3.0
492,2,50,100,identity,uniform,normal,160,20,HDBSCAN-PEARSON,7.2,50.0,0.8560000000000001,0.1,0.21495894909688013,0.4392857142857142,0.28022858128121286,3.0
493,2,50,100,identity,uniform,normal,160,20,HDBSCAN-SBD,7.4,50.0,0.852,0.2,0.2561412151067323,0.5285714285714286,0.3308978969162036,3.0
494,2,50,100,identity,uniform,normal,160,20,K-S test,3.4,50.0,0.932,0.0,0.0947454844006568,0.3888888888888889,0.12699692780337943,3.0
495,2,50,100,identity,uniform,normal,160,20,NSigma,13.2,50.0,0.736,0.2,0.761215106732348,0.9121212121212121,0.7941786283891548,3.0
496,2,50,100,identity,uniform,normal,160,20,TSifter,7.6,50.0,0.8480000000000001,0.0,0.36075533661740555,0.6,0.43765381460213293,3.0
497,2,50,100,identity,uniform,uniform,160,20,BIRCH,36.6,50.0,0.268,0.6,0.7417273954116059,0.3150747774662964,0.4296737862922512,3.0
498,2,50,100,identity,uniform,uniform,160,20,FluxInfer-AD,23.2,50.0,0.536,0.5166666666666666,0.2601349527665317,0.17504810004810004,0.20318131796392666,3.0
499,2,50,100,identity,uniform,uniform,160,20,HDBSCAN-PEARSON,7.2,50.0,0.8560000000000001,0.2,0.16248987854251012,0.30666666666666664,0.19034838958438277,3.0
500,2,50,100,identity,uniform,uniform,160,20,HDBSCAN-SBD,7.0,50.0,0.86,0.16666666666666666,0.1431039136302294,0.319047619047619,0.1850940170940171,3.0
501,2,50,100,identity,uniform,uniform,160,20,K-S test,6.4,50.0,0.8720000000000001,0.2,0.25149122807017543,0.45,0.31420728291316524,3.0
502,2,50,100,identity,uniform,uniform,160,20,NSigma,9.6,50.0,0.808,0.05,0.563697705802969,0.9266666666666667,0.668939393939394,3.0
503,2,50,100,identity,uniform,uniform,160,20,TSifter,7.0,50.0,0.86,0.0,0.4143117408906883,0.9214285714285714,0.5246401136483216,3.0
504,2,50,200,identity,exponential,normal,160,20,BIRCH,39.8,50.0,0.20400000000000001,0.5166666666666666,0.9008131479099222,0.7181286549707602,0.7917582892986024,3.0
505,2,50,200,identity,exponential,normal,160,20,FluxInfer-AD,16.0,50.0,0.68,0.5833333333333333,0.217466421982551,0.3803526907874734,0.2704952897148019,3.0
506,2,50,200,identity,exponential,normal,160,20,HDBSCAN-PEARSON,6.8,50.0,0.8640000000000001,0.05,0.14663301243946406,0.6984126984126984,0.2403949803949804,3.0
507,2,50,200,identity,exponential,normal,160,20,HDBSCAN-SBD,6.0,50.0,0.8800000000000001,0.2,0.11016312951796822,0.5900000000000001,0.18226289093162157,3.0
508,2,50,200,identity,exponential,normal,160,20,K-S test,22.8,50.0,0.5439999999999999,0.16666666666666666,0.6633988737214545,0.9148584748584749,0.7617134780941096,3.0
509,2,50,200,identity,exponential,normal,160,20,NSigma,42.2,50.0,0.156,0.75,0.8757105492589364,0.6532904909900945,0.7373342142222843,3.0
510,2,50,200,identity,exponential,normal,160,20,TSifter,22.6,50.0,0.548,0.11666666666666665,0.7279821892725119,1.0,0.8316218798931564,3.0
511,2,50,200,identity,exponential,uniform,160,20,BIRCH,27.8,50.0,0.44400000000000006,0.3333333333333333,0.7206878306878306,0.7535761989135302,0.728216100077651,3.0
512,2,50,200,identity,exponential,uniform,160,20,FluxInfer-AD,20.6,50.0,0.588,0.6,0.35542094615624026,0.47304347826086957,0.39023494335122244,3.0
513,2,50,200,identity,exponential,uniform,160,20,HDBSCAN-PEARSON,5.0,50.0,0.9,0.0,0.13286142234671647,0.7633333333333334,0.22438228438228439,3.0
514,2,50,200,identity,exponential,uniform,160,20,HDBSCAN-SBD,7.0,50.0,0.86,0.0,0.16303999377528788,0.7,0.2626768942558416,3.0
515,2,50,200,identity,exponential,uniform,160,20,K-S test,14.4,50.0,0.712,0.0,0.5124801587301587,1.0,0.6337483257580748,3.0
516,2,50,200,identity,exponential,uniform,160,20,NSigma,34.0,50.0,0.32,0.7333333333333333,0.7632963741051977,0.6533333333333333,0.694651756164537,3.0
517,2,50,200,identity,exponential,uniform,160,20,TSifter,18.8,50.0,0.624,0.26666666666666666,0.6314351851851852,0.9712550607287449,0.7533806814130264,3.0
518,2,50,200,identity,laplace,normal,160,20,BIRCH,37.4,50.0,0.252,0.6,0.9413924963924964,0.6599771938966312,0.7684596780371428,3.0
519,2,50,200,identity,laplace,normal,160,20,FluxInfer-AD,14.8,50.0,0.704,0.6,0.1526248196248196,0.37104945054945054,0.196850186282144,3.0
520,2,50,200,identity,laplace,normal,160,20,HDBSCAN-PEARSON,7.0,50.0,0.86,0.0,0.1846046176046176,0.6645238095238095,0.2819539585668618,3.0
521,2,50,200,identity,laplace,normal,160,20,HDBSCAN-SBD,7.8,50.0,0.844,0.0,0.1915223665223665,0.6575396825396825,0.28129340627463284,3.0
522,2,50,200,identity,laplace,normal,160,20,K-S test,7.2,50.0,0.8559999999999999,0.0,0.19915151515151513,0.8177777777777777,0.26809523809523805,3.0
523,2,50,200,identity,laplace,normal,160,20,NSigma,37.4,50.0,0.252,0.6,0.8689480519480519,0.6159804734272819,0.7123055555555555,3.0
524,2,50,200,identity,laplace,normal,160,20,TSifter,16.0,50.0,0.6799999999999999,0.0,0.48554545454545456,0.7692307692307693,0.5673967947834871,3.0
525,2,50,200,identity,laplace,uniform,160,20,BIRCH,36.4,50.0,0.27199999999999996,0.65,0.8416602316602317,0.7121307326490254,0.7661688537117599,3.0
526,2,50,200,identity,laplace,uniform,160,20,FluxInfer-AD,18.0,50.0,0.64,0.55,0.25365651365651365,0.43839598997493734,0.3200988065781279,3.0
527,2,50,200,identity,laplace,uniform,160,20,HDBSCAN-PEARSON,7.0,50.0,0.86,0.1,0.12215072215072213,0.5607142857142857,0.19868820282887215,3.0
528,2,50,200,identity,laplace,uniform,160,20,HDBSCAN-SBD,6.8,50.0,0.8640000000000001,0.2,0.1387029887029887,0.6164285714285714,0.22499902286495993,3.0
529,2,50,200,identity,laplace,uniform,160,20,K-S test,7.4,50.0,0.852,0.1,0.17347347347347347,0.5963636363636364,0.2622067990489043,3.0
530,2,50,200,identity,laplace,uniform,160,20,NSigma,39.0,50.0,0.22000000000000003,0.75,0.8581853281853282,0.6770515355881209,0.7528502118437889,3.0
531,2,50,200,identity,laplace,uniform,160,20,TSifter,14.0,50.0,0.72,0.1,0.46622336622336624,1.0,0.6226791708245143,3.0
532,2,50,200,identity,normal,normal,160,20,BIRCH,36.4,50.0,0.27199999999999996,0.6,0.7940833690833691,0.6004374110630739,0.6639734976468084,3.0
533,2,50,200,identity,normal,normal,160,20,FluxInfer-AD,18.2,50.0,0.636,0.3,0.2615229515229515,0.42515664160401007,0.3216869636276212,3.0
534,2,50,200,identity,normal,normal,160,20,HDBSCAN-PEARSON,7.6,50.0,0.8480000000000001,0.0,0.15360503360503358,0.5781746031746031,0.24210594574109362,3.0
535,2,50,200,identity,normal,normal,160,20,HDBSCAN-SBD,8.0,50.0,0.8400000000000001,0.2,0.19341984841984844,0.6722222222222223,0.29625485625485626,3.0
536,2,50,200,identity,normal,normal,160,20,K-S test,7.4,50.0,0.852,0.0,0.22671028171028168,0.8605042016806722,0.2879150659638465,3.0
537,2,50,200,identity,normal,normal,160,20,NSigma,24.8,50.0,0.504,0.2,0.6489446589446589,0.7134260600792042,0.6571198952169569,3.0
538,2,50,200,identity,normal,normal,160,20,TSifter,6.0,50.0,0.8800000000000001,0.0,0.2770270270270271,0.6,0.3470842882607589,3.0
539,2,50,200,identity,normal,uniform,160,20,BIRCH,36.2,50.0,0.276,0.7,0.8908835250770734,0.5912447887824085,0.6888502858929689,3.0
540,2,50,200,identity,normal,uniform,160,20,FluxInfer-AD,17.2,50.0,0.656,0.5,0.18334310850439883,0.23876293995859213,0.2005919883007398,3.0
541,2,50,200,identity,normal,uniform,160,20,HDBSCAN-PEARSON,7.2,50.0,0.8560000000000001,0.0,0.12655237235882397,0.5115079365079365,0.19743136522992924,3.0
542,2,50,200,identity,normal,uniform,160,20,HDBSCAN-SBD,7.6,50.0,0.8480000000000001,0.4,0.20291600872246035,0.6,0.2926256274520552,3.0
543,2,50,200,identity,normal,uniform,160,20,K-S test,3.0,50.0,0.9399999999999998,0.0,0.05803143093465675,0.4083333333333333,0.08570332480818414,3.0
544,2,50,200,identity,normal,uniform,160,20,NSigma,24.0,50.0,0.52,0.1,0.7224122114444695,0.720576923076923,0.7134848425171005,3.0
545,2,50,200,identity,normal,uniform,160,20,TSifter,13.6,50.0,0.728,0.3,0.5030573727347921,1.0,0.5884623323013416,3.0
546,2,50,200,identity,uniform,normal,160,20,BIRCH,38.8,50.0,0.22400000000000003,0.5,0.860909090909091,0.4720741195741196,0.590902293120638,3.0
547,2,50,200,identity,uniform,normal,160,20,FluxInfer-AD,23.8,50.0,0.524,0.6,0.35075757575757577,0.31362004148301786,0.3243614412375023,3.0
548,2,50,200,identity,uniform,normal,160,20,HDBSCAN-PEARSON,7.2,50.0,0.8560000000000001,0.0,0.12242424242424241,0.36301587301587296,0.17266125329770105,3.0
549,2,50,200,identity,uniform,normal,160,20,HDBSCAN-SBD,5.4,50.0,0.892,0.0,0.1440151515151515,0.5466666666666666,0.22338603425559947,3.0
550,2,50,200,identity,uniform,normal,160,20,K-S test,3.4,50.0,0.932,0.2,0.13568181818181818,0.5577777777777777,0.19068285091814502,3.0
551,2,50,200,identity,uniform,normal,160,20,NSigma,16.8,50.0,0.6639999999999999,0.1,0.6609090909090909,0.9136363636363637,0.7451505249730154,3.0
552,2,50,200,identity,uniform,normal,160,20,TSifter,12.2,50.0,0.756,0.1,0.3859090909090909,0.4,0.39281719163968204,3.0
553,2,50,200,identity,uniform,uniform,160,20,BIRCH,37.0,50.0,0.26,0.6666666666666666,0.9522481684981685,0.5794723294723294,0.712725384921839,3.0
554,2,50,200,identity,uniform,uniform,160,20,FluxInfer-AD,18.0,50.0,0.64,0.36666666666666664,0.089253663003663,0.10287007110536521,0.08994152046783627,3.0
555,2,50,200,identity,uniform,uniform,160,20,HDBSCAN-PEARSON,6.4,50.0,0.8720000000000001,0.13333333333333333,0.13045787545787546,0.4626190476190476,0.2016946747209905,3.0
556,2,50,200,identity,uniform,uniform,160,20,HDBSCAN-SBD,5.8,50.0,0.884,0.26666666666666666,0.17807692307692308,0.6533333333333333,0.27780589293747193,3.0
557,2,50,200,identity,uniform,uniform,160,20,K-S test,2.4,50.0,0.952,0.2,0.09162087912087913,0.4428571428571429,0.13305322128851543,3.0
558,2,50,200,identity,uniform,uniform,160,20,NSigma,19.6,50.0,0.608,0.06666666666666667,0.8100045787545789,0.9430587337909992,0.870415111820264,3.0
559,2,50,200,identity,uniform,uniform,160,20,TSifter,17.8,50.0,0.6439999999999999,0.06666666666666667,0.7704807692307692,1.0,0.8661639344262294,3.0
560,2,100,500,identity,exponential,normal,160,20,BIRCH,77.4,100.0,0.22599999999999998,0.4666666666666666,0.8957355427430869,0.6606156839056976,0.7537097253283866,3.0
561,2,100,500,identity,exponential,normal,160,20,FluxInfer-AD,30.4,100.0,0.696,0.36666666666666664,0.173187389764188,0.3008394317272603,0.21425304451256588,3.0
562,2,100,500,identity,exponential,normal,160,20,HDBSCAN-PEARSON,11.8,100.0,0.882,0.1,0.12065983883956584,0.5860639360639361,0.19895754382032668,3.0
563,2,100,500,identity,exponential,normal,160,20,HDBSCAN-SBD,10.0,100.0,0.9,0.06666666666666667,0.12719208327775225,0.7232323232323232,0.21568735271013356,3.0
564,2,100,500,identity,exponential,normal,160,20,K-S test,32.0,100.0,0.6799999999999999,0.1,0.5161955268345462,0.9212519936204145,0.6297733201181477,3.0
565,2,100,500,identity,exponential,normal,160,20,NSigma,79.8,100.0,0.202,0.5666666666666667,0.8574363337236359,0.610227987639107,0.7081073170912717,3.0
566,2,100,500,identity,exponential,normal,160,20,TSifter,35.0,100.0,0.65,0.0,0.6191910754074711,0.9945945945945945,0.7403828682771841,3.0
567,2,100,500,identity,exponential,uniform,160,20,BIRCH,73.0,100.0,0.27,0.8,0.835324920160551,0.5613822609686663,0.6633554165133113,3.0
568,2,100,500,identity,exponential,uniform,160,20,FluxInfer-AD,34.0,100.0,0.6599999999999999,0.7,0.2188143314810132,0.2735806570690292,0.22248053632965567,3.0
569,2,100,500,identity,exponential,uniform,160,20,HDBSCAN-PEARSON,12.4,100.0,0.876,0.2,0.12380061920686003,0.4785048285048285,0.1923229878200012,3.0
570,2,100,500,identity,exponential,uniform,160,20,HDBSCAN-SBD,10.2,100.0,0.898,0.0,0.12120628682529362,0.5882034632034632,0.18995426869523982,3.0
571,2,100,500,identity,exponential,uniform,160,20,K-S test,16.6,100.0,0.834,0.1,0.24578123855892858,0.675,0.33066897279637747,3.0
572,2,100,500,identity,exponential,uniform,160,20,NSigma,73.2,100.0,0.268,0.6,0.7898327311901012,0.5272547157460391,0.6282274876604729,3.0
573,2,100,500,identity,exponential,uniform,160,20,TSifter,32.0,100.0,0.6799999999999999,0.2,0.6029685731339575,0.8733333333333333,0.6594974828375286,3.0
574,2,100,500,identity,laplace,normal,160,20,BIRCH,74.4,100.0,0.256,0.8,0.88984005468216,0.5769221516872702,0.6711468256778931,3.0
575,2,100,500,identity,laplace,normal,160,20,FluxInfer-AD,35.8,100.0,0.642,0.7,0.2712435634540898,0.375987392920103,0.2990316342760192,3.0
576,2,100,500,identity,laplace,normal,160,20,HDBSCAN-PEARSON,13.4,100.0,0.866,0.15,0.13336204146730463,0.4887445887445887,0.20539301129569232,3.0
577,2,100,500,identity,laplace,normal,160,20,HDBSCAN-SBD,13.0,100.0,0.8699999999999999,0.0,0.15520665299612668,0.5299242424242424,0.23466549553506075,3.0
578,2,100,500,identity,laplace,normal,160,20,K-S test,9.6,100.0,0.9039999999999999,0.1,0.1536755525176578,0.7355555555555556,0.24541482592870442,3.0
579,2,100,500,identity,laplace,normal,160,20,NSigma,74.4,100.0,0.256,0.8,0.8770457963089543,0.5688452304328726,0.6714474541660553,3.0
580,2,100,500,identity,laplace,normal,160,20,TSifter,24.6,100.0,0.754,0.1,0.5374381408065618,1.0,0.6742692560384733,3.0
581,2,100,500,identity,laplace,uniform,160,20,BIRCH,72.2,100.0,0.278,0.5666666666666667,0.839392645400895,0.5710770851157053,0.6641605073174588,3.0
582,2,100,500,identity,laplace,uniform,160,20,FluxInfer-AD,33.2,100.0,0.6679999999999999,0.4333333333333333,0.22310317491790813,0.3232349548458971,0.24556753242099028,3.0
583,2,100,500,identity,laplace,uniform,160,20,HDBSCAN-PEARSON,13.2,100.0,0.868,0.26666666666666666,0.145891680846209,0.5471794871794872,0.2233360725183302,3.0
584,2,100,500,identity,laplace,uniform,160,20,HDBSCAN-SBD,11.6,100.0,0.884,0.06666666666666667,0.1377738656798408,0.5887645687645688,0.21848856209150327,3.0
585,2,100,500,identity,laplace,uniform,160,20,K-S test,9.2,100.0,0.908,0.0,0.15604472396925226,0.33999999999999997,0.2017478152309613,3.0
586,2,100,500,identity,laplace,uniform,160,20,NSigma,67.0,100.0,0.32999999999999996,0.6333333333333334,0.7657617527894335,0.5562481350275414,0.6284153701981725,3.0
587,2,100,500,identity,laplace,uniform,160,20,TSifter,15.2,100.0,0.8480000000000001,0.05,0.330708864449153,0.7491891891891892,0.4190139732022608,3.0
588,2,100,500,identity,normal,normal,160,20,BIRCH,79.0,100.0,0.21000000000000002,0.8833333333333334,0.9072479822276813,0.7286614684642854,0.8074254764302708,3.0
589,2,100,500,identity,normal,normal,160,20,FluxInfer-AD,32.2,100.0,0.678,0.4023809523809524,0.255361417236268,0.4799173192847948,0.3280145568173189,3.0
590,2,100,500,identity,normal,normal,160,20,HDBSCAN-PEARSON,12.8,100.0,0.8720000000000001,0.0,0.1376764437165679,0.6893273393273394,0.2284248476029298,3.0
591,2,100,500,identity,normal,normal,160,20,HDBSCAN-SBD,12.0,100.0,0.8800000000000001,0.17857142857142855,0.14811669528889496,0.7871794871794873,0.24769258799895377,3.0
592,2,100,500,identity,normal,normal,160,20,K-S test,7.6,100.0,0.924,0.3,0.10188963572054091,0.7485714285714286,0.17392231389635673,3.0
593,2,100,500,identity,normal,normal,160,20,NSigma,58.6,100.0,0.414,0.6476190476190476,0.7571666268609187,0.8184012641673932,0.7833841413377987,3.0
594,2,100,500,identity,normal,normal,160,20,TSifter,34.6,100.0,0.654,0.2357142857142857,0.5293883562500711,1.0,0.6781922320929101,3.0
595,2,100,500,identity,normal,uniform,160,20,BIRCH,77.2,100.0,0.22800000000000004,0.8,0.8739186798864218,0.6304360724975362,0.7117830401397233,3.0
596,2,100,500,identity,normal,uniform,160,20,FluxInfer-AD,34.8,100.0,0.6519999999999999,0.2,0.23166225681505814,0.4060059473747447,0.2868419164958212,3.0
597,2,100,500,identity,normal,uniform,160,20,HDBSCAN-PEARSON,13.0,100.0,0.8699999999999999,0.1,0.14456433116025647,0.6316483516483516,0.23268171621659994,3.0
598,2,100,500,identity,normal,uniform,160,20,HDBSCAN-SBD,13.0,100.0,0.8699999999999999,0.13333333333333333,0.157651031292797,0.68993894993895,0.255082336260942,3.0
599,2,100,500,identity,normal,uniform,160,20,K-S test,22.0,100.0,0.78,0.36666666666666664,0.32812747901033135,0.9162337662337663,0.4407776598797525,3.0
600,2,100,500,identity,normal,uniform,160,20,NSigma,50.2,100.0,0.49800000000000005,0.4333333333333333,0.7201940212211859,0.7866406615696677,0.7302038367225212,3.0
601,2,100,500,identity,normal,uniform,160,20,TSifter,23.4,100.0,0.766,0.1,0.3814877491872398,0.6342857142857143,0.45284461758252964,3.0
602,2,100,500,identity,uniform,normal,160,20,BIRCH,77.8,100.0,0.22200000000000003,0.7666666666666666,0.8698974639467523,0.58168002924054,0.6496732793446476,3.0
603,2,100,500,identity,uniform,normal,160,20,FluxInfer-AD,38.8,100.0,0.612,0.4,0.23742527425120175,0.3868287740628166,0.2919859200107564,3.0
604,2,100,500,identity,uniform,normal,160,20,HDBSCAN-PEARSON,11.0,100.0,0.89,0.0,0.12247601585932041,0.6205128205128205,0.1978720809706725,3.0
605,2,100,500,identity,uniform,normal,160,20,HDBSCAN-SBD,12.2,100.0,0.8779999999999999,0.1,0.15970574489502445,0.6733333333333333,0.24805860805860808,3.0
606,2,100,500,identity,uniform,normal,160,20,K-S test,7.6,100.0,0.924,0.1,0.046810289042277825,0.3606060606060606,0.08161904761904762,3.0
607,2,100,500,identity,uniform,normal,160,20,NSigma,35.8,100.0,0.642,0.06666666666666667,0.6443992922880973,0.8504231166150671,0.6702919465658603,3.0
608,2,100,500,identity,uniform,normal,160,20,TSifter,20.2,100.0,0.798,0.0,0.320742558239862,0.8,0.4358655836916706,3.0
609,2,100,500,identity,uniform,uniform,160,20,BIRCH,85.0,100.0,0.15,0.75,0.9468431028431029,0.7615826878868375,0.8407655228764253,3.0
610,2,100,500,identity,uniform,uniform,160,20,FluxInfer-AD,28.4,100.0,0.716,0.4333333333333333,0.16072264778147133,0.36391941391941396,0.22189663583037808,3.0
611,2,100,500,identity,uniform,uniform,160,20,HDBSCAN-PEARSON,12.6,100.0,0.874,0.36666666666666664,0.13605757782228373,0.7436188811188812,0.22805568316695618,3.0
612,2,100,500,identity,uniform,uniform,160,20,HDBSCAN-SBD,12.0,100.0,0.8800000000000001,0.06666666666666667,0.13477900054370642,0.7666666666666666,0.22887192482440807,3.0
613,2,100,500,identity,uniform,uniform,160,20,K-S test,9.8,100.0,0.9019999999999999,0.15,0.1279312589900825,0.6799999999999999,0.20392905452654797,3.0
614,2,100,500,identity,uniform,uniform,160,20,NSigma,57.8,100.0,0.422,0.2,0.8522691966221378,1.0,0.9157843081762497,3.0
615,2,100,500,identity,uniform,uniform,160,20,TSifter,48.0,100.0,0.52,0.2,0.7198712861065802,1.0,0.8143313130309761,3.0
616,2,100,750,identity,exponential,normal,160,20,BIRCH,78.2,100.0,0.21800000000000003,0.7666666666666666,0.8834190286429091,0.7616036992298268,0.8144423376780547,3.0
617,2,100,750,identity,exponential,normal,160,20,FluxInfer-AD,36.6,100.0,0.634,0.4,0.3031362288824975,0.5059507412721186,0.3680428139130506,3.0
618,2,100,750,identity,exponential,normal,160,20,HDBSCAN-PEARSON,11.8,100.0,0.882,0.1,0.13281419915748274,0.7825799200799202,0.22318103583163823,3.0
619,2,100,750,identity,exponential,normal,160,20,HDBSCAN-SBD,9.4,100.0,0.906,0.3,0.10417519574235992,0.7422727272727273,0.18185281385281385,3.0
620,2,100,750,identity,exponential,normal,160,20,K-S test,33.2,100.0,0.6679999999999999,0.26666666666666666,0.4615682381354024,0.884079302340172,0.5820411843991508,3.0
621,2,100,750,identity,exponential,normal,160,20,NSigma,76.2,100.0,0.238,0.7666666666666666,0.7492032000987224,0.6596356314825188,0.6963330944988456,3.0
622,2,100,750,identity,exponential,normal,160,20,TSifter,31.0,100.0,0.6900000000000001,0.26666666666666666,0.4501472600726332,1.0,0.5775810637705374,3.0
623,2,100,750,identity,exponential,uniform,160,20,BIRCH,76.6,100.0,0.23399999999999999,0.6,0.9032236056626302,0.7178599491810773,0.7957854043224727,3.0
624,2,100,750,identity,exponential,uniform,160,20,FluxInfer-AD,28.6,100.0,0.714,0.6799999999999999,0.16099891977940758,0.36016117216117216,0.2152455727460892,3.0
625,2,100,750,identity,exponential,uniform,160,20,HDBSCAN-PEARSON,13.8,100.0,0.8619999999999999,0.13999999999999999,0.14361817044743874,0.6405844155844156,0.2318929563326379,3.0
626,2,100,750,identity,exponential,uniform,160,20,HDBSCAN-SBD,12.4,100.0,0.876,0.38,0.13188697481380407,0.6599134199134199,0.2177415960514677,3.0
627,2,100,750,identity,exponential,uniform,160,20,K-S test,32.8,100.0,0.672,0.08,0.5173887088521235,0.8435688405797102,0.6164337306830185,3.0
628,2,100,750,identity,exponential,uniform,160,20,NSigma,73.8,100.0,0.262,0.3,0.8157223264540339,0.674402856767176,0.7339241539115383,3.0
629,2,100,750,identity,exponential,uniform,160,20,TSifter,41.6,100.0,0.584,0.08,0.6818886804252658,1.0,0.8069286853497379,3.0
630,2,100,750,identity,laplace,normal,160,20,BIRCH,72.0,100.0,0.27999999999999997,0.3,0.8020038190714882,0.6260337137054929,0.6973300096349577,3.0
631,2,100,750,identity,laplace,normal,160,20,FluxInfer-AD,34.8,100.0,0.6519999999999999,0.2,0.27264040783777627,0.4064320584744848,0.30255214855872503,3.0
632,2,100,750,identity,laplace,normal,160,20,HDBSCAN-PEARSON,13.0,100.0,0.8699999999999999,0.3,0.14148914629647713,0.6054945054945055,0.22855663324017755,3.0
633,2,100,750,identity,laplace,normal,160,20,HDBSCAN-SBD,12.8,100.0,0.8720000000000001,0.3,0.1520888937712246,0.6856643356643357,0.24758516860521979,3.0
634,2,100,750,identity,laplace,normal,160,20,K-S test,4.6,100.0,0.954,0.3,0.06806718500797448,0.5375,0.11160354552780016,3.0
635,2,100,750,identity,laplace,normal,160,20,NSigma,65.6,100.0,0.34400000000000003,0.3,0.7633770370189543,0.6648169185932307,0.7008148466738635,3.0
636,2,100,750,identity,laplace,normal,160,20,TSifter,25.4,100.0,0.746,0.0,0.4577486600700887,0.8,0.5787272251557966,3.0
637,2,100,750,identity,laplace,uniform,160,20,BIRCH,80.4,100.0,0.196,0.8,0.9113498030791263,0.6617285010487294,0.7586465542975788,3.0
638,2,100,750,identity,laplace,uniform,160,20,FluxInfer-AD,28.0,100.0,0.72,0.3,0.17343298359138265,0.25265027728263023,0.19989358128314483,3.0
639,2,100,750,identity,laplace,uniform,160,20,HDBSCAN-PEARSON,12.6,100.0,0.874,0.1,0.14078486636546447,0.6640242110830347,0.23039914918141916,3.0
640,2,100,750,identity,laplace,uniform,160,20,HDBSCAN-SBD,11.2,100.0,0.8880000000000001,0.1,0.13509001128561296,0.7235353535353536,0.2256308579668349,3.0
641,2,100,750,identity,laplace,uniform,160,20,K-S test,6.4,100.0,0.9359999999999999,0.1,0.08331443389023332,0.6914141414141415,0.14382689773994123,3.0
642,2,100,750,identity,laplace,uniform,160,20,NSigma,78.4,100.0,0.21600000000000003,0.6,0.8877821732030424,0.6666996516013892,0.7504396927778917,3.0
643,2,100,750,identity,laplace,uniform,160,20,TSifter,35.0,100.0,0.65,0.1,0.5393631519607549,0.8,0.6266829965202049,3.0
644,2,100,750,identity,normal,normal,160,20,BIRCH,78.4,100.0,0.21600000000000003,0.8,0.9184837876135701,0.7791401971443911,0.8366401420620324,3.0
645,2,100,750,identity,normal,normal,160,20,FluxInfer-AD,27.4,100.0,0.726,0.26666666666666666,0.1386378645943537,0.35801776531089297,0.19882192377423907,3.0
646,2,100,750,identity,normal,normal,160,20,HDBSCAN-PEARSON,12.6,100.0,0.874,0.06666666666666667,0.13816482966895569,0.7355710955710956,0.23173842892148366,3.0
647,2,100,750,identity,normal,normal,160,20,HDBSCAN-SBD,14.2,100.0,0.858,0.1,0.15181102968049703,0.72,0.2490202894864701,3.0
648,2,100,750,identity,normal,normal,160,20,K-S test,24.4,100.0,0.756,0.06666666666666667,0.3036379287129475,0.7817142857142857,0.4095839950812861,3.0
649,2,100,750,identity,normal,normal,160,20,NSigma,62.0,100.0,0.38,0.3333333333333333,0.8250623553324228,0.8741835087380349,0.8464141162556889,3.0
650,2,100,750,identity,normal,normal,160,20,TSifter,29.6,100.0,0.704,0.06666666666666667,0.47494405652695226,0.8800000000000001,0.5499595255692816,3.0
651,2,100,750,identity,normal,uniform,160,20,BIRCH,76.4,100.0,0.236,0.6,0.8758286290003772,0.568680833527395,0.6792434206123991,3.0
652,2,100,750,identity,normal,uniform,160,20,FluxInfer-AD,35.6,100.0,0.6439999999999999,0.7,0.21920716835676277,0.29047660098522166,0.2448415957503447,3.0
653,2,100,750,identity,normal,uniform,160,20,HDBSCAN-PEARSON,14.0,100.0,0.86,0.6,0.16217573610856975,0.5670741023682201,0.25135806196644733,3.0
654,2,100,750,identity,normal,uniform,160,20,HDBSCAN-SBD,12.2,100.0,0.8779999999999999,0.1,0.16176234214412163,0.6388111888111888,0.2574952193855167,3.0
655,2,100,750,identity,normal,uniform,160,20,K-S test,10.2,100.0,0.898,0.0,0.12150273224043714,0.25866666666666666,0.16127352099954842,3.0
656,2,100,750,identity,normal,uniform,160,20,NSigma,55.4,100.0,0.446,0.2,0.8307698351921001,0.7407320080631326,0.7786441510010417,3.0
657,2,100,750,identity,normal,uniform,160,20,TSifter,29.2,100.0,0.708,0.0,0.5785428691047121,1.0,0.7031718497355881,3.0
658,2,100,750,identity,uniform,normal,160,20,BIRCH,72.6,100.0,0.27399999999999997,0.4,0.8321276780293173,0.6856649679434489,0.7310991782746831,3.0
659,2,100,750,identity,uniform,normal,160,20,FluxInfer-AD,33.2,100.0,0.6679999999999999,0.5,0.17037198607433257,0.31761200670729883,0.2184252455376024,3.0
660,2,100,750,identity,uniform,normal,160,20,HDBSCAN-PEARSON,12.0,100.0,0.8800000000000001,0.0,0.12939926425943785,0.6518315018315018,0.21150590762620838,3.0
661,2,100,750,identity,uniform,normal,160,20,HDBSCAN-SBD,12.6,100.0,0.874,0.2,0.12089181756491303,0.5945054945054945,0.19943622569938363,3.0
662,2,100,750,identity,uniform,normal,160,20,K-S test,11.4,100.0,0.8859999999999999,0.0,0.14588650274924783,0.6611111111111111,0.2120330501079557,3.0
663,2,100,750,identity,uniform,normal,160,20,NSigma,47.6,100.0,0.524,0.0,0.7617832439593931,0.9478337754199824,0.8201585742764159,3.0
664,2,100,750,identity,uniform,normal,160,20,TSifter,38.8,100.0,0.612,0.0,0.6554621848739496,0.796969696969697,0.704289872414741,3.0
665,2,100,750,identity,uniform,uniform,160,20,BIRCH,75.0,100.0,0.25,0.8,0.8317003361994585,0.5788960350501899,0.6644389901730768,3.0
666,2,100,750,identity,uniform,uniform,160,20,FluxInfer-AD,38.0,100.0,0.62,0.5,0.3159732428867533,0.34329573934837093,0.269672630677207,3.0
667,2,100,750,identity,uniform,uniform,160,20,HDBSCAN-PEARSON,10.4,100.0,0.8960000000000001,0.0,0.11470480894151716,0.5490909090909091,0.18109760965500218,3.0
668,2,100,750,identity,uniform,uniform,160,20,HDBSCAN-SBD,11.2,100.0,0.8880000000000001,0.26666666666666666,0.16370642547578668,0.6496947496947497,0.24270959657608698,3.0
669,2,100,750,identity,uniform,uniform,160,20,K-S test,10.4,100.0,0.8960000000000001,0.0,0.1771860402844307,0.7606177606177607,0.24904851246314658,3.0
670,2,100,750,identity,uniform,uniform,160,20,NSigma,47.0,100.0,0.53,0.13333333333333333,0.6797186436979957,0.7803679653679654,0.6980199149212332,3.0
671,2,100,750,identity,uniform,uniform,160,20,TSifter,26.4,100.0,0.736,0.0,0.4892239643767417,0.6634146341463415,0.5038613480716088,3.0
