,anomaly_type,num_node,num_edge,func_type,noise_type,weight_generator,num_normal_samples,num_abnormal_samples,reduction_method,num_remained,num_total,reduction_rate,root_cause_recall,recall,precision,specificity,f1_score,bacc,elapsed_time_tsdr,trial_no
0,0,50,100,identity,exponential,normal,160,20,BIRCH,33.8,50.0,0.32399999999999995,1.0,0.9882352941176471,0.46180345981958804,0.4668366422849181,0.6120471014492754,0.7275359682012825,0.0246292008087039,3.0
1,0,50,100,identity,exponential,normal,160,20,FluxInfer-AD,32.8,50.0,0.344,1.0,0.9714285714285713,0.471685765215177,0.5017965865552073,0.6112923912245947,0.7366125789918894,2.5892828319221737,3.0
2,0,50,100,identity,exponential,normal,160,20,HDBS-R,6.8,50.0,0.8640000000000001,0.13333333333333333,0.13462184873949581,0.3571428571428571,0.8671842563566703,0.17678787878787877,0.500903052548083,1.4344294333830476,3.0
3,0,50,100,identity,exponential,normal,160,20,HDBS-SBD,6.2,50.0,0.876,0.18333333333333332,0.1602016806722689,0.3895238095238095,0.8882396377568792,0.2111111111111111,0.524220659214574,0.09222390819340945,3.0
4,0,50,100,identity,exponential,normal,160,20,K-S test,16.2,50.0,0.6759999999999999,1.0,0.9341400560224089,0.8984126984126984,0.9651034482758621,0.909386803672518,0.9496217521491355,0.011347499303519725,3.0
5,0,50,100,identity,exponential,normal,160,20,MetricSifter,16.8,50.0,0.664,1.0,0.9802352941176471,0.915909090909091,0.9797701149425289,0.9390527523417889,0.980002704530088,0.05691209156066179,3.0
6,0,50,100,identity,exponential,normal,160,20,NSigma,37.0,50.0,0.26,1.0,0.992,0.4261494252873563,0.37571299198885405,0.5775540884701926,0.6838564959944271,0.005747827515006065,3.0
7,0,50,100,identity,exponential,normal,160,20,None,50.0,50.0,0.0,1.0,1.0,0.328,0.0,0.4769993661653321,0.5,5.038082599639893e-06,3.0
8,0,50,100,identity,exponential,uniform,160,20,BIRCH,30.2,50.0,0.396,1.0,0.9733333333333334,0.3424272349272349,0.4902395272463436,0.477100435796088,0.7317864302898385,0.026459298096597195,3.0
9,0,50,100,identity,exponential,uniform,160,20,FluxInfer-AD,27.2,50.0,0.45600000000000007,1.0,0.9542857142857143,0.34742576264315395,0.5602589070913049,0.4710027594238121,0.7572723106885096,2.7506718821823597,3.0
10,0,50,100,identity,exponential,uniform,160,20,HDBS-R,7.4,50.0,0.852,0.06666666666666667,0.17714285714285713,0.2876190476190476,0.8704094588918165,0.20714285714285716,0.5237761580173368,1.436328375339508,3.0
11,0,50,100,identity,exponential,uniform,160,20,HDBS-SBD,5.0,50.0,0.9,0.26666666666666666,0.14476190476190476,0.32,0.9144903005307977,0.19076923076923075,0.5296261026463512,0.09000516347587109,3.0
12,0,50,100,identity,exponential,uniform,160,20,K-S test,11.2,50.0,0.776,1.0,0.9542857142857143,0.8069444444444445,0.9600858250276854,0.867741935483871,0.9571857696566998,0.011507830768823623,3.0
13,0,50,100,identity,exponential,uniform,160,20,MetricSifter,11.4,50.0,0.772,0.8,0.7733333333333333,0.7287142857142858,0.9495483445984648,0.7485857071464268,0.8614408389658991,0.05076329447329044,3.0
14,0,50,100,identity,exponential,uniform,160,20,NSigma,35.6,50.0,0.288,1.0,0.9638095238095238,0.27206252811515974,0.3473515484782526,0.3982620135340921,0.6555805361438882,0.006155666522681713,3.0
15,0,50,100,identity,exponential,uniform,160,20,None,50.0,50.0,0.0,1.0,1.0,0.20800000000000002,0.0,0.324247780882325,0.5,5.276128649711609e-06,3.0
16,0,50,100,identity,laplace,normal,160,20,BIRCH,36.0,50.0,0.27999999999999997,1.0,1.0,0.4438292073586191,0.4232914696576696,0.5976406926406928,0.7116457348288348,0.024102405272424222,3.0
17,0,50,100,identity,laplace,normal,160,20,FluxInfer-AD,27.6,50.0,0.44800000000000006,1.0,0.9779761904761906,0.5456726342710997,0.6425551575356157,0.6914940218511647,0.8102656740059031,2.963149772211909,3.0
18,0,50,100,identity,laplace,normal,160,20,HDBS-R,6.6,50.0,0.868,0.0,0.1350108225108225,0.275,0.8595273251954595,0.17213064713064713,0.497269073853141,1.4539779471233487,3.0
19,0,50,100,identity,laplace,normal,160,20,HDBS-SBD,6.4,50.0,0.8720000000000001,0.1,0.14958513708513707,0.3682539682539682,0.8822217377602526,0.19821030821030822,0.5159034374226948,0.09126045256853103,3.0
20,0,50,100,identity,laplace,normal,160,20,K-S test,18.0,50.0,0.6399999999999999,1.0,0.9652777777777779,0.8398095238095238,0.9290404717233987,0.8901157629832991,0.947159124750588,0.011269508488476276,3.0
21,0,50,100,identity,laplace,normal,160,20,MetricSifter,15.8,50.0,0.6839999999999999,1.0,1.0,1.0,1.0,1.0,1.0,0.057940385118126866,3.0
22,0,50,100,identity,laplace,normal,160,20,NSigma,37.2,50.0,0.256,1.0,0.9813852813852814,0.40819792287815543,0.35681794746752943,0.5673671821127643,0.6691016144264055,0.008649559505283833,3.0
23,0,50,100,identity,laplace,normal,160,20,None,50.0,50.0,0.0,1.0,1.0,0.316,0.0,0.4706498750403748,0.5,4.852190613746643e-06,3.0
24,0,50,100,identity,laplace,uniform,160,20,BIRCH,38.8,50.0,0.22400000000000003,1.0,0.9672401767030923,0.5582107072873146,0.3937380952380952,0.6916220528384038,0.6804891359705938,0.025674283504486084,3.0
25,0,50,100,identity,laplace,uniform,160,20,FluxInfer-AD,32.0,50.0,0.36,1.0,0.8902748198093466,0.6176079404466501,0.5727962962962962,0.7177513180729026,0.7315355580528214,2.476147722825408,3.0
26,0,50,100,identity,laplace,uniform,160,20,HDBS-R,6.8,50.0,0.8640000000000001,0.1,0.18849290862590093,0.5821428571428571,0.8943201058201058,0.26692908742444343,0.5414065072230034,1.452661851234734,3.0
27,0,50,100,identity,laplace,uniform,160,20,HDBS-SBD,7.8,50.0,0.844,0.16666666666666666,0.16879330388281794,0.4886868686868686,0.8480846560846562,0.2371858098513447,0.508438979983737,0.09216907620429993,3.0
28,0,50,100,identity,laplace,uniform,160,20,K-S test,23.0,50.0,0.54,1.0,0.9055931178795629,0.8968756530825497,0.9128624338624338,0.8981407877836449,0.9092277758709983,0.012417248263955117,3.0
29,0,50,100,identity,laplace,uniform,160,20,MetricSifter,21.8,50.0,0.5640000000000001,1.0,0.9516354336200884,0.990909090909091,0.9928571428571429,0.9704997738579827,0.9722462882386157,0.05837442558258772,3.0
30,0,50,100,identity,laplace,uniform,160,20,NSigma,38.2,50.0,0.236,1.0,0.9593350383631714,0.5602386996074227,0.4040529100529101,0.6914596000929624,0.6816939742080408,0.0059007246047258375,3.0
31,0,50,100,identity,laplace,uniform,160,20,None,50.0,50.0,0.0,1.0,1.0,0.45600000000000007,0.0,0.6101543813872581,0.5,4.608742892742157e-06,3.0
32,0,50,100,identity,normal,normal,160,20,BIRCH,38.4,50.0,0.23200000000000004,0.9,0.9875,0.36765211735799974,0.3222936780409938,0.5125647465151151,0.6548968390204969,0.024840174429118633,3.0
33,0,50,100,identity,normal,normal,160,20,FluxInfer-AD,27.0,50.0,0.45999999999999996,0.8,0.8791666666666667,0.45446275946275944,0.5944101854713804,0.5572727890904146,0.7367884260690235,2.9096261650323867,3.0
34,0,50,100,identity,normal,normal,160,20,HDBS-R,5.4,50.0,0.892,0.2,0.14362745098039215,0.40595238095238095,0.9200574911990497,0.20923188405797105,0.5318424710897209,1.419485330581665,3.0
35,0,50,100,identity,normal,normal,160,20,HDBS-SBD,6.2,50.0,0.876,0.35,0.22279411764705884,0.47000000000000003,0.8995558335786253,0.29146853146853147,0.561174975612842,0.0917912932112813,3.0
36,0,50,100,identity,normal,normal,160,20,K-S test,13.6,50.0,0.728,0.9,0.9041666666666666,0.8628384687208216,0.9692258096513416,0.8552360101841853,0.936696238159004,0.011219430342316627,3.0
37,0,50,100,identity,normal,normal,160,20,MetricSifter,13.8,50.0,0.724,0.9,0.9375,0.8846153846153847,0.9819708846584547,0.8903102918586789,0.9597354423292274,0.05508615430444479,3.0
38,0,50,100,identity,normal,normal,160,20,NSigma,23.6,50.0,0.528,0.9,0.9541666666666666,0.5603205128205129,0.7205539865575437,0.6732764108901621,0.8373603266121051,0.005732068046927452,3.0
39,0,50,100,identity,normal,normal,160,20,None,50.0,50.0,0.0,1.0,1.0,0.288,0.0,0.4282528282855315,0.5,5.345419049263001e-06,3.0
40,0,50,100,identity,normal,uniform,160,20,BIRCH,36.2,50.0,0.27599999999999997,1.0,0.9826086956521738,0.37705663705663706,0.3736351611351611,0.5271049640015157,0.6781219283936675,0.02439832780510187,3.0
41,0,50,100,identity,normal,uniform,160,20,FluxInfer-AD,26.2,50.0,0.476,1.0,0.8929951690821255,0.4845777591973244,0.6358856421356421,0.5992929088235134,0.7644404056088838,2.9615673480555413,3.0
42,0,50,100,identity,normal,uniform,160,20,HDBS-R,7.6,50.0,0.8480000000000001,0.1,0.19749218527990905,0.35396825396825393,0.862274531024531,0.23153315649867373,0.52988335815222,1.4339283855631948,3.0
43,0,50,100,identity,normal,uniform,160,20,HDBS-SBD,6.2,50.0,0.876,0.0,0.15304774083546463,0.39738095238095233,0.8872414622414622,0.2055824175824176,0.5201446015384634,0.0909555109217763,3.0
44,0,50,100,identity,normal,uniform,160,20,K-S test,14.8,50.0,0.704,0.9333333333333332,0.9201193520886616,0.8765296084989179,0.9405002405002405,0.8876518196211292,0.9303097962944511,0.011273373663425446,3.0
45,0,50,100,identity,normal,uniform,160,20,MetricSifter,13.4,50.0,0.732,1.0,0.9492753623188406,1.0,1.0,0.9727272727272727,0.9746376811594203,0.054081977158784864,3.0
46,0,50,100,identity,normal,uniform,160,20,NSigma,22.0,50.0,0.5599999999999999,1.0,0.9155797101449276,0.5647253808992939,0.7501443001443001,0.6792038391341528,0.8328620051446138,0.006089910306036473,3.0
47,0,50,100,identity,normal,uniform,160,20,None,50.0,50.0,0.0,1.0,1.0,0.288,0.0,0.4314318441651296,0.5,5.250610411167145e-06,3.0
48,0,50,100,identity,uniform,normal,160,20,BIRCH,32.0,50.0,0.36,1.0,0.8966666666666667,0.3529454022988506,0.43880952380952387,0.49250879839115136,0.6677380952380952,0.02603216525167227,3.0
49,0,50,100,identity,uniform,normal,160,20,FluxInfer-AD,32.2,50.0,0.356,1.0,0.9,0.36523878420430145,0.44450216450216445,0.5027146386282599,0.6722510822510822,2.4893971810117366,3.0
50,0,50,100,identity,uniform,normal,160,20,HDBS-R,6.8,50.0,0.8640000000000001,0.3,0.12333333333333334,0.2488095238095238,0.8605844155844157,0.1554223554223554,0.49195887445887443,1.434974941983819,3.0
51,0,50,100,identity,uniform,normal,160,20,HDBS-SBD,7.0,50.0,0.86,0.1,0.21333333333333332,0.3833333333333333,0.8817965367965368,0.25946380984744155,0.547564935064935,0.09341252259910107,3.0
52,0,50,100,identity,uniform,normal,160,20,K-S test,10.6,50.0,0.788,0.85,0.7833333333333334,0.8925324675324676,0.9735281385281386,0.8143628465879106,0.878430735930736,0.011510559730231762,3.0
53,0,50,100,identity,uniform,normal,160,20,MetricSifter,11.4,50.0,0.772,1.0,0.8966666666666667,1.0,1.0,0.9423097974822113,0.9483333333333335,0.057594960927963255,3.0
54,0,50,100,identity,uniform,normal,160,20,NSigma,12.2,50.0,0.756,0.95,0.8733333333333333,0.9033333333333333,0.9670995670995671,0.8732467532467533,0.9202164502164502,0.005586210824549198,3.0
55,0,50,100,identity,uniform,normal,160,20,None,50.0,50.0,0.0,1.0,1.0,0.264,0.0,0.4084249084249084,0.5,5.071423947811126e-06,3.0
56,0,50,100,identity,uniform,uniform,160,20,BIRCH,35.2,50.0,0.296,1.0,1.0,0.4086363636363636,0.41505476979161193,0.5773863169629759,0.7075273848958059,0.024935363233089446,3.0
57,0,50,100,identity,uniform,uniform,160,20,FluxInfer-AD,32.8,50.0,0.344,1.0,0.9118716577540107,0.40276746633317567,0.4480172459119828,0.5562237762237763,0.6799444518329967,2.5378650709986688,3.0
58,0,50,100,identity,uniform,uniform,160,20,HDBS-R,6.6,50.0,0.868,0.1,0.1700356506238859,0.3530952380952381,0.8819643514380356,0.22601536974265474,0.5260000010309607,1.457977031543851,3.0
59,0,50,100,identity,uniform,uniform,160,20,HDBS-SBD,7.6,50.0,0.8480000000000001,0.1,0.15675579322638147,0.2995238095238095,0.849722908670277,0.20113029609597116,0.5032393509483293,0.09114732332527638,3.0
60,0,50,100,identity,uniform,uniform,160,20,K-S test,14.2,50.0,0.716,1.0,0.9018181818181817,0.9235042735042736,0.9647801321485531,0.9045456885456886,0.9332991569833675,0.011514208279550076,3.0
61,0,50,100,identity,uniform,uniform,160,20,MetricSifter,13.8,50.0,0.724,1.0,0.96,1.0,1.0,0.9777777777777779,0.9800000000000001,0.06736880857497454,3.0
62,0,50,100,identity,uniform,uniform,160,20,NSigma,13.6,50.0,0.728,1.0,0.9466666666666667,1.0,1.0,0.9692307692307691,0.9733333333333334,0.0058523910120129585,3.0
63,0,50,100,identity,uniform,uniform,160,20,None,50.0,50.0,0.0,1.0,1.0,0.288,0.0,0.4448432693142513,0.5,5.0872564315795895e-06,3.0
64,0,50,200,identity,exponential,normal,160,20,BIRCH,39.6,50.0,0.20800000000000002,1.0,0.9857487922705314,0.7300406504065041,0.4947465281561391,0.8360497787857902,0.7402476602133353,0.023639878258109093,3.0
65,0,50,200,identity,exponential,normal,160,20,FluxInfer-AD,36.2,50.0,0.276,0.9333333333333332,0.9280411407199626,0.754968164645584,0.5766787742302617,0.8321945826423438,0.7523599574751121,1.6885332100093364,3.0
66,0,50,200,identity,exponential,normal,160,20,HDBS-R,6.6,50.0,0.868,0.06666666666666667,0.15111474728585528,0.6838095238095239,0.892576973835555,0.2454218284300805,0.5218458605607051,1.4407518185675143,3.0
67,0,50,200,identity,exponential,normal,160,20,HDBS-SBD,5.4,50.0,0.892,0.13333333333333333,0.12380499714300557,0.6633333333333333,0.9080322787645443,0.20822510822510823,0.5159186379537749,0.09047906119376421,3.0
68,0,50,200,identity,exponential,normal,160,20,K-S test,28.4,50.0,0.43200000000000005,0.9333333333333332,0.9198768895122331,0.9565471000954873,0.93739178865037,0.9362382999236732,0.9286343390813014,0.0112776231020689,3.0
69,0,50,200,identity,exponential,normal,160,20,MetricSifter,30.0,50.0,0.4,1.0,0.9639348605267258,0.9463808711890553,0.9200985555676631,0.9546423305671647,0.9420167080471945,0.052145769074559215,3.0
70,0,50,200,identity,exponential,normal,160,20,NSigma,40.4,50.0,0.192,1.0,0.9616908212560386,0.701367053998633,0.42261632341723876,0.8086830623547444,0.6921535723366388,0.005913948453962803,3.0
71,0,50,200,identity,exponential,normal,160,20,None,50.0,50.0,0.0,1.0,1.0,0.588,0.0,0.7368154177382169,0.5,5.293264985084534e-06,3.0
72,0,50,200,identity,exponential,uniform,160,20,BIRCH,38.2,50.0,0.236,1.0,1.0,0.48021878593475764,0.40674617407938785,0.6108679581228879,0.7033730870396939,0.025490449368953706,3.0
73,0,50,200,identity,exponential,uniform,160,20,FluxInfer-AD,33.4,50.0,0.332,1.0,0.9555555555555555,0.49329670329670333,0.5055535628885701,0.6321549199608935,0.7305545592220628,2.4990329651162027,3.0
74,0,50,200,identity,exponential,uniform,160,20,HDBS-R,6.6,50.0,0.868,0.16666666666666666,0.15227272727272728,0.42214285714285715,0.8804463858714218,0.2095814536340852,0.5163595565720744,1.4524381110444664,3.0
75,0,50,200,identity,exponential,uniform,160,20,HDBS-SBD,4.8,50.0,0.9039999999999999,0.3,0.10984848484848483,0.515,0.9139611942337911,0.16249855407750144,0.511904839541138,0.09037221390753984,3.0
76,0,50,200,identity,exponential,uniform,160,20,K-S test,17.0,50.0,0.6599999999999999,0.8333333333333333,0.901010101010101,0.9787878787878789,0.9693277310924369,0.9356060606060606,0.935168916051269,0.011450147069990636,3.0
77,0,50,200,identity,exponential,uniform,160,20,MetricSifter,18.6,50.0,0.628,0.8333333333333333,0.9,0.876923076923077,0.9609756097560975,0.8851948051948051,0.9304878048780487,0.06622119322419166,3.0
78,0,50,200,identity,exponential,uniform,160,20,NSigma,39.0,50.0,0.22000000000000003,0.9,0.9111111111111111,0.4224601223533936,0.31695574571291935,0.5549417149395695,0.6140334284120152,0.005887550115585327,3.0
79,0,50,200,identity,exponential,uniform,160,20,None,50.0,50.0,0.0,1.0,1.0,0.36,0.0,0.5033300826873578,0.5,5.282275378704071e-06,3.0
80,0,50,200,identity,laplace,normal,160,20,BIRCH,38.8,50.0,0.22400000000000003,1.0,1.0,0.43389270277142133,0.33484891541157524,0.5856261512048988,0.6674244577057877,0.024520642682909967,3.0
81,0,50,200,identity,laplace,normal,160,20,FluxInfer-AD,29.4,50.0,0.41200000000000003,0.8,0.7846698872785829,0.48138657041882843,0.5486615515771526,0.5774801657762297,0.6666657194278678,2.8192694146186112,3.0
82,0,50,200,identity,laplace,normal,160,20,HDBS-R,7.6,50.0,0.8480000000000001,0.16666666666666666,0.14062399355877617,0.3,0.8325565975182343,0.18215767086734827,0.4865902955385052,1.4453203586861492,3.0
83,0,50,200,identity,laplace,normal,160,20,HDBS-SBD,7.4,50.0,0.852,0.0,0.1817270531400966,0.4057142857142857,0.8663067159230842,0.2413789538614223,0.5240168845315905,0.09695879500359297,3.0
84,0,50,200,identity,laplace,normal,160,20,K-S test,17.0,50.0,0.6599999999999999,0.9333333333333332,0.8650563607085345,0.8350877192982455,0.9058141517476554,0.8335455394278923,0.8854352562280952,0.011126850545406342,3.0
85,0,50,200,identity,laplace,normal,160,20,MetricSifter,14.6,50.0,0.708,1.0,0.8872785829307569,1.0,1.0,0.9343153300600109,0.9436392914653784,0.06448483392596245,3.0
86,0,50,200,identity,laplace,normal,160,20,NSigma,36.8,50.0,0.264,1.0,0.9925925925925926,0.44284625691318824,0.3711717343942408,0.5995415890152732,0.6818821634934167,0.005781199224293232,3.0
87,0,50,200,identity,laplace,normal,160,20,None,50.0,50.0,0.0,1.0,1.0,0.348,0.0,0.49659016782304455,0.5,5.50001859664917e-06,3.0
88,0,50,200,identity,laplace,uniform,160,20,BIRCH,31.0,50.0,0.38,1.0,0.975,0.3116621943947525,0.45229377253127867,0.45648194324407065,0.7136468862656393,0.024076799862086773,3.0
89,0,50,200,identity,laplace,uniform,160,20,FluxInfer-AD,25.6,50.0,0.488,1.0,0.9464285714285715,0.3662087912087912,0.6070294124577095,0.5020522382951225,0.7767289919431405,3.4162396747618913,3.0
90,0,50,200,identity,laplace,uniform,160,20,HDBS-R,6.4,50.0,0.8720000000000001,0.0,0.2363095238095238,0.31285714285714283,0.8900857522623102,0.246935817805383,0.5631976380359169,1.449195477180183,3.0
91,0,50,200,identity,laplace,uniform,160,20,HDBS-SBD,7.0,50.0,0.86,0.0,0.19880952380952382,0.2361111111111111,0.864545382725084,0.1893939393939394,0.531677453267304,0.09635073635727168,3.0
92,0,50,200,identity,laplace,uniform,160,20,K-S test,9.0,50.0,0.82,1.0,0.8053571428571429,0.8715686274509803,0.9803385183860778,0.8256306911479324,0.8928478306216103,0.011012825556099415,3.0
93,0,50,200,identity,laplace,uniform,160,20,MetricSifter,9.6,50.0,0.808,1.0,0.9464285714285715,1.0,1.0,0.9712820512820513,0.9732142857142858,0.058299744687974456,3.0
94,0,50,200,identity,laplace,uniform,160,20,NSigma,32.4,50.0,0.352,1.0,0.975,0.3036277266837539,0.4304723373763162,0.443855969345209,0.7027361686881581,0.005723727121949196,3.0
95,0,50,200,identity,laplace,uniform,160,20,None,50.0,50.0,0.0,1.0,1.0,0.2,0.0,0.3208761241840035,0.5,5.138106644153595e-06,3.0
96,0,50,200,identity,normal,normal,160,20,BIRCH,33.8,50.0,0.324,1.0,1.0,0.5450580009534403,0.5071322114062586,0.688862862402209,0.7535661057031293,0.02855881080031395,3.0
97,0,50,200,identity,normal,normal,160,20,FluxInfer-AD,35.0,50.0,0.3,1.0,0.9942857142857143,0.5203053102847904,0.4731119727217731,0.6652004119911096,0.7336988435037437,2.439535123668611,3.0
98,0,50,200,identity,normal,normal,160,20,HDBS-R,6.8,50.0,0.8640000000000001,0.2,0.15705882352941175,0.3714285714285714,0.8487854039487432,0.21452723271593616,0.5029221137390776,1.4338253211230039,3.0
99,0,50,200,identity,normal,normal,160,20,HDBS-SBD,6.8,50.0,0.8640000000000001,0.4,0.14801120448179272,0.4166666666666667,0.8782590881592697,0.20741011743450768,0.5131351463205311,0.08911958057433367,3.0
100,0,50,200,identity,normal,normal,160,20,K-S test,20.0,50.0,0.6,1.0,0.9240896358543417,0.8574458874458875,0.8974322169059011,0.8865505226480836,0.9107609263801214,0.010827278159558773,3.0
101,0,50,200,identity,normal,normal,160,20,MetricSifter,18.0,50.0,0.64,1.0,0.9676190476190476,1.0,1.0,0.9830007390983001,0.9838095238095239,0.04474146086722612,3.0
102,0,50,200,identity,normal,normal,160,20,NSigma,23.0,50.0,0.54,1.0,0.9638095238095238,0.7548765920070268,0.8478710883792553,0.8377383997077091,0.9058403060943896,0.005758712999522686,3.0
103,0,50,200,identity,normal,normal,160,20,None,50.0,50.0,0.0,1.0,1.0,0.38,0.0,0.52859430032668,0.5,4.926882684230804e-06,3.0
104,0,50,200,identity,normal,uniform,160,20,BIRCH,39.8,50.0,0.20400000000000001,1.0,1.0,0.4716849816849817,0.3473281620340444,0.6064290326806809,0.6736640810170222,0.02381398491561413,3.0
105,0,50,200,identity,normal,uniform,160,20,FluxInfer-AD,32.6,50.0,0.348,1.0,0.909090909090909,0.49135393342289896,0.4901216430628195,0.6093966033966034,0.6996062760768643,2.593366391956806,3.0
106,0,50,200,identity,normal,uniform,160,20,HDBS-R,6.8,50.0,0.8640000000000001,0.13333333333333333,0.14242424242424243,0.39642857142857146,0.8721249338896397,0.19653330129360408,0.507274588156941,1.43376768771559,3.0
107,0,50,200,identity,normal,uniform,160,20,HDBS-SBD,6.4,50.0,0.8720000000000001,0.0,0.1484848484848485,0.4288095238095238,0.8832970950618009,0.20081400081400083,0.5158909717733248,0.09104698896408081,3.0
108,0,50,200,identity,normal,uniform,160,20,K-S test,18.2,50.0,0.6359999999999999,1.0,0.9212121212121213,0.9156641604010025,0.9617549117549118,0.9158944259272257,0.9414835164835165,0.011392527259886265,3.0
109,0,50,200,identity,normal,uniform,160,20,MetricSifter,18.2,50.0,0.636,1.0,0.9757575757575758,1.0,1.0,0.9873992673992674,0.9878787878787879,0.047988799214363095,3.0
110,0,50,200,identity,normal,uniform,160,20,NSigma,28.6,50.0,0.42800000000000005,1.0,0.9545454545454545,0.6058917632287197,0.6704207557148734,0.7035273954543058,0.8124831051301639,0.0060408471152186395,3.0
111,0,50,200,identity,normal,uniform,160,20,None,50.0,50.0,0.0,1.0,1.0,0.376,0.0,0.5184688794208843,0.5,5.250424146652222e-06,3.0
112,0,50,200,identity,uniform,normal,160,20,BIRCH,35.2,50.0,0.296,1.0,0.9666666666666666,0.39147435897435895,0.39102928509905255,0.5279002272975414,0.6788479758828596,0.024451445043087005,3.0
113,0,50,200,identity,uniform,normal,160,20,FluxInfer-AD,32.6,50.0,0.348,1.0,0.9405106970324362,0.394744744290335,0.4611746339362618,0.5341735834839676,0.7008426654843489,2.4378821196034552,3.0
114,0,50,200,identity,uniform,normal,160,20,HDBS-R,6.8,50.0,0.8640000000000001,0.3,0.19224292615596963,0.38761904761904764,0.8855867786391043,0.24792059553349874,0.5389148523975369,1.446931761316955,3.0
115,0,50,200,identity,uniform,normal,160,20,HDBS-SBD,7.0,50.0,0.86,0.0,0.16132505175983436,0.3142857142857143,0.8616763565891473,0.20043506493506494,0.5115007041744908,0.0926608933135867,3.0
116,0,50,200,identity,uniform,normal,160,20,K-S test,12.4,50.0,0.752,0.9,0.8351276742581091,0.8857142857142858,0.9818087855297157,0.8488095238095237,0.9084682298939125,0.011400512978434562,3.0
117,0,50,200,identity,uniform,normal,160,20,MetricSifter,13.6,50.0,0.728,1.0,0.9628019323671497,0.9904761904761905,0.9925925925925926,0.9761038961038959,0.9776972624798711,0.04853025004267693,3.0
118,0,50,200,identity,uniform,normal,160,20,NSigma,13.6,50.0,0.728,0.9,0.8738440303657695,0.8944444444444445,0.9594476744186047,0.8818181818181818,0.9166458523921872,0.005680071003735065,3.0
119,0,50,200,identity,uniform,normal,160,20,None,50.0,50.0,0.0,1.0,1.0,0.284,0.0,0.4232785465238072,0.5,4.971586167812347e-06,3.0
120,0,50,200,identity,uniform,uniform,160,20,BIRCH,38.4,50.0,0.23200000000000004,1.0,1.0,0.27632002144197265,0.2994092355152801,0.40576033096616226,0.6497046177576401,0.02417518086731434,3.0
121,0,50,200,identity,uniform,uniform,160,20,FluxInfer-AD,32.4,50.0,0.352,1.0,0.9697777777777776,0.30478397844251504,0.4308803624795141,0.43976467976467976,0.700329070128646,2.673711466602981,3.0
122,0,50,200,identity,uniform,uniform,160,20,HDBS-R,6.6,50.0,0.868,0.0,0.174,0.2442857142857143,0.8696774317940807,0.18558816914080073,0.5218387158970403,1.426366974785924,3.0
123,0,50,200,identity,uniform,uniform,160,20,HDBS-SBD,6.8,50.0,0.8640000000000001,0.0,0.23755555555555558,0.3114285714285714,0.8827531090330666,0.2467765567765568,0.5601543322943111,0.08916328717023134,3.0
124,0,50,200,identity,uniform,uniform,160,20,K-S test,11.2,50.0,0.776,1.0,0.984,0.8733333333333334,0.977137761496192,0.9189181286549708,0.980568880748096,0.01114990022033453,3.0
125,0,50,200,identity,uniform,uniform,160,20,MetricSifter,10.6,50.0,0.788,1.0,0.992,0.96,0.9956521739130434,0.9736961451247165,0.9938260869565217,0.044690648652613164,3.0
126,0,50,200,identity,uniform,uniform,160,20,NSigma,13.2,50.0,0.736,1.0,0.984,0.8103030303030303,0.9308203991130821,0.8611403508771931,0.957410199556541,0.005923645384609699,3.0
127,0,50,200,identity,uniform,uniform,160,20,None,50.0,50.0,0.0,1.0,1.0,0.21200000000000002,0.0,0.32785400412519056,0.5,5.543418228626251e-06,3.0
128,0,100,500,identity,exponential,normal,160,20,BIRCH,76.8,100.0,0.23199999999999998,1.0,0.9569857512881523,0.71859796497307,0.46824046920821116,0.8189462966471538,0.7126131102481817,0.03748952373862267,3.0
129,0,100,500,identity,exponential,normal,160,20,FluxInfer-AD,75.6,100.0,0.244,0.95,0.8939720017526636,0.6709374247938056,0.39833088954056695,0.7623342375939399,0.6461514456466153,3.8053869392722843,3.0
130,0,100,500,identity,exponential,normal,160,20,HDBS-R,12.2,100.0,0.8779999999999999,0.2,0.11946349238042944,0.5632167832167833,0.8745087976539588,0.19494061773194266,0.49698614501719424,5.665901297330857,3.0
131,0,100,500,identity,exponential,normal,160,20,HDBS-SBD,10.0,100.0,0.9,0.16666666666666666,0.11662893527267311,0.6577272727272727,0.9186119257086999,0.19710633051750048,0.5176204304906864,0.35492133945226667,3.0
132,0,100,500,identity,exponential,normal,160,20,K-S test,54.8,100.0,0.45199999999999996,0.95,0.902176076141034,0.9374706548501692,0.9172996089931574,0.9143543281207929,0.9097378425670957,0.022081744857132435,3.0
133,0,100,500,identity,exponential,normal,160,20,MetricSifter,54.6,100.0,0.454,1.0,0.9376434993372047,0.9845908477487424,0.9811999022482893,0.9592662932396452,0.959421700792747,0.08227082155644894,3.0
134,0,100,500,identity,exponential,normal,160,20,NSigma,80.4,100.0,0.196,1.0,0.9318413625454507,0.6656859422171064,0.3511094819159335,0.7734666588647686,0.6414754222306922,0.01060817763209343,3.0
135,0,100,500,identity,exponential,normal,160,20,None,100.0,100.0,0.0,1.0,1.0,0.5780000000000001,0.0,0.7283624312710075,0.5,6.789714097976684e-06,3.0
136,0,100,500,identity,exponential,uniform,160,20,BIRCH,71.2,100.0,0.288,1.0,0.9962264150943396,0.42383864294823204,0.42120220809563846,0.5512889377396194,0.7087143115949891,0.03592554219067097,3.0
137,0,100,500,identity,exponential,uniform,160,20,FluxInfer-AD,61.2,100.0,0.388,1.0,0.8936433063791555,0.43598072874352456,0.5148219865068502,0.5491906652734239,0.7042326464430029,5.298652985505759,3.0
138,0,100,500,identity,exponential,uniform,160,20,HDBS-R,13.0,100.0,0.8699999999999999,0.26666666666666666,0.1393223625100487,0.31603396603396605,0.8755989580387677,0.15699431632530225,0.5074606602744082,5.683988362923264,3.0
139,0,100,500,identity,exponential,uniform,160,20,HDBS-SBD,11.2,100.0,0.8880000000000001,0.1,0.10222963068047478,0.36375291375291374,0.8972647653592036,0.15144497975143137,0.4997471980198392,0.35035788286477326,3.0
140,0,100,500,identity,exponential,uniform,160,20,K-S test,28.4,100.0,0.716,1.0,0.8898555350640752,0.9094139194139194,0.9749492797201832,0.893948717948718,0.9324024073921292,0.0221820330247283,3.0
141,0,100,500,identity,exponential,uniform,160,20,MetricSifter,33.4,100.0,0.666,1.0,0.964869721473495,0.826139546727782,0.950901143134719,0.8789527651596618,0.957885432304107,0.08300408348441124,3.0
142,0,100,500,identity,exponential,uniform,160,20,NSigma,70.8,100.0,0.292,1.0,0.992654986522911,0.41515333060513787,0.40253610825186037,0.5487107377732608,0.6975955473873857,0.010833689756691457,3.0
143,0,100,500,identity,exponential,uniform,160,20,None,100.0,100.0,0.0,1.0,1.0,0.312,0.0,0.438821351534824,0.5,6.402470171451569e-06,3.0
144,0,100,500,identity,laplace,normal,160,20,BIRCH,75.2,100.0,0.248,1.0,0.9776108031921986,0.5766561145005948,0.4453319573443412,0.6989606343811952,0.71147138026827,0.03561246693134308,3.0
145,0,100,500,identity,laplace,normal,160,20,FluxInfer-AD,65.2,100.0,0.348,1.0,0.9423594842199494,0.6225690787411183,0.5852867462774582,0.7297535915621023,0.7638231152487038,4.854588630236686,3.0
146,0,100,500,identity,laplace,normal,160,20,HDBS-R,12.6,100.0,0.874,0.1,0.12748235631956564,0.4231934731934732,0.8648670696348715,0.18504247149861186,0.4961747129772185,5.866811028309167,3.0
147,0,100,500,identity,laplace,normal,160,20,HDBS-SBD,11.4,100.0,0.8859999999999999,0.1,0.1376379664751758,0.48993006993006993,0.8884731436434222,0.20407050961427475,0.513055555059299,0.35881370957940817,3.0
148,0,100,500,identity,laplace,normal,160,20,K-S test,46.6,100.0,0.534,1.0,0.9403472622077274,0.8602883411415467,0.9354454764361885,0.8837044785428223,0.9378963693219579,0.021624712087213994,3.0
149,0,100,500,identity,laplace,normal,160,20,MetricSifter,44.8,100.0,0.5519999999999999,1.0,0.9685198941012894,0.9469696969696969,0.9825210084033614,0.9536832121812717,0.9755204512523253,0.08470573406666518,3.0
150,0,100,500,identity,laplace,normal,160,20,NSigma,73.6,100.0,0.264,1.0,0.963934485794951,0.5753420575444126,0.4385434173669468,0.6965166731521871,0.7012389515809488,0.01055174060165882,3.0
151,0,100,500,identity,laplace,normal,160,20,None,100.0,100.0,0.0,1.0,1.0,0.45200000000000007,0.0,0.5970947325575613,0.5,6.83218240737915e-06,3.0
152,0,100,500,identity,laplace,uniform,160,20,BIRCH,71.6,100.0,0.284,1.0,0.9637890664766365,0.5090611561324835,0.44190077985152243,0.6519322410748496,0.7028449231640794,0.03506456967443228,3.0
153,0,100,500,identity,laplace,uniform,160,20,FluxInfer-AD,65.8,100.0,0.342,1.0,0.9759102785978486,0.543044754582068,0.5230538410208639,0.6926571620748322,0.7494820598093563,5.2667198240756985,3.0
154,0,100,500,identity,laplace,uniform,160,20,HDBS-R,12.8,100.0,0.8720000000000001,0.1,0.13018813959463454,0.38981684981684983,0.8745092537727398,0.19324426670794986,0.5023486966836871,5.704703697375953,3.0
155,0,100,500,identity,laplace,uniform,160,20,HDBS-SBD,12.6,100.0,0.874,0.1,0.13848838731257546,0.4200757575757576,0.8856836260617756,0.2062974539584709,0.5120860066871755,0.3508175678551197,3.0
156,0,100,500,identity,laplace,uniform,160,20,K-S test,39.6,100.0,0.604,1.0,0.9433099188978249,0.8868940759253962,0.9261773407590889,0.908496790565756,0.9347436298284568,0.021925685368478297,3.0
157,0,100,500,identity,laplace,uniform,160,20,MetricSifter,35.8,100.0,0.642,1.0,0.9482099833723574,0.985170068027211,0.9894677555618137,0.9656660231660232,0.9688388694670854,0.08321830946952105,3.0
158,0,100,500,identity,laplace,uniform,160,20,NSigma,66.0,100.0,0.34,1.0,0.9692049272116462,0.5390722740633036,0.5237510836381818,0.6829148094796913,0.7464780054249139,0.010351508855819702,3.0
159,0,100,500,identity,laplace,uniform,160,20,None,100.0,100.0,0.0,1.0,1.0,0.372,0.0,0.5345968483654595,0.5,6.780028343200684e-06,3.0
160,0,100,500,identity,normal,normal,160,20,BIRCH,63.8,100.0,0.362,1.0,0.9564285714285715,0.38085160752351943,0.4560739344441366,0.5155358624699277,0.706251252936354,0.034945948608219625,3.0
161,0,100,500,identity,normal,normal,160,20,FluxInfer-AD,62.4,100.0,0.376,1.0,0.9325747295066936,0.405720132834579,0.5019698552300335,0.52515431784249,0.7172722923683634,5.702708623185754,3.0
162,0,100,500,identity,normal,normal,160,20,HDBS-R,12.4,100.0,0.876,0.2,0.18659074515557186,0.34116550116550115,0.8855764368989367,0.18898926151248135,0.5360835910272543,5.736243688315153,3.0
163,0,100,500,identity,normal,normal,160,20,HDBS-SBD,11.8,100.0,0.882,0.2,0.11160333761232348,0.33292929292929296,0.8928654914610998,0.16246331368368241,0.5022344145367117,0.36227571927011015,3.0
164,0,100,500,identity,normal,normal,160,20,K-S test,28.2,100.0,0.718,1.0,0.8913550339262791,0.8325434358843969,0.9685160192995245,0.847617444284111,0.9299355266129018,0.02114721219986677,3.0
165,0,100,500,identity,normal,normal,160,20,MetricSifter,27.8,100.0,0.722,1.0,0.9688571428571429,1.0,1.0,0.9835976789168278,0.9844285714285714,0.08403608538210391,3.0
166,0,100,500,identity,normal,normal,160,20,NSigma,41.6,100.0,0.584,1.0,0.9528571428571428,0.5754872153060246,0.8005535350397602,0.6876724611213991,0.8767053389484515,0.010442331805825234,3.0
167,0,100,500,identity,normal,normal,160,20,None,100.0,100.0,0.0,1.0,1.0,0.288,0.0,0.4154178319827128,0.5,6.8997964262962345e-06,3.0
168,0,100,500,identity,normal,uniform,160,20,BIRCH,64.8,100.0,0.352,1.0,0.972972972972973,0.47861031093789713,0.4864055293279856,0.6130202429792648,0.7296892511504793,0.0351030133664608,3.0
169,0,100,500,identity,normal,uniform,160,20,FluxInfer-AD,63.0,100.0,0.37,1.0,0.9277645884097497,0.4778640235304995,0.5295530705660692,0.5891290299700915,0.7286588294879095,5.128247649222613,3.0
170,0,100,500,identity,normal,uniform,160,20,HDBS-R,11.0,100.0,0.89,0.2,0.17753157624125365,0.4366233766233766,0.9018046767217542,0.2014055944055944,0.539668126481504,5.6535698842257265,3.0
171,0,100,500,identity,normal,uniform,160,20,HDBS-SBD,12.2,100.0,0.8779999999999999,0.4,0.11624676785967107,0.39642857142857146,0.8861113665954544,0.1710616892950975,0.5011790672275628,0.349930982850492,3.0
172,0,100,500,identity,normal,uniform,160,20,K-S test,34.6,100.0,0.654,1.0,0.8779844857264212,0.9220178571428571,0.9466992910471171,0.8961544366054458,0.9123418883867691,0.021405632607638836,3.0
173,0,100,500,identity,normal,uniform,160,20,MetricSifter,33.0,100.0,0.6699999999999999,1.0,0.9189609460577202,1.0,1.0,0.9556194739168877,0.9594804730288601,0.08284437097609043,3.0
174,0,100,500,identity,normal,uniform,160,20,NSigma,44.4,100.0,0.556,1.0,0.8735400412819768,0.6303156634735582,0.7665791293222938,0.7008858731196861,0.8200595853021353,0.010324578918516635,3.0
175,0,100,500,identity,normal,uniform,160,20,None,100.0,100.0,0.0,1.0,1.0,0.362,0.0,0.49604985967704385,0.5,6.438605487346649e-06,3.0
176,0,100,500,identity,uniform,normal,160,20,BIRCH,70.6,100.0,0.294,1.0,0.9867032967032967,0.50266734174166,0.43799360264148995,0.6415668546244085,0.7123484496723933,0.03568177856504917,3.0
177,0,100,500,identity,uniform,normal,160,20,FluxInfer-AD,70.0,100.0,0.3,0.95,0.9695022624434388,0.5125166789997297,0.4705171823481683,0.6324916347730747,0.7200097223958035,4.487016754597425,3.0
178,0,100,500,identity,uniform,normal,160,20,HDBS-R,11.8,100.0,0.882,0.0,0.10610838676761598,0.3466666666666667,0.8722469549230112,0.15089166930630343,0.4891776708453136,5.6999044580385085,3.0
179,0,100,500,identity,uniform,normal,160,20,HDBS-SBD,12.6,100.0,0.874,0.3,0.1471896910842144,0.39152597402597406,0.8730794557555122,0.1891454287417631,0.5101345734198632,0.3488112038001418,3.0
180,0,100,500,identity,uniform,normal,160,20,K-S test,39.2,100.0,0.608,0.95,0.9399166350890489,0.9127021365731043,0.9168617767209316,0.9246019813034534,0.9283892059049903,0.021054968237876892,3.0
181,0,100,500,identity,uniform,normal,160,20,MetricSifter,38.4,100.0,0.616,1.0,0.9841208791208791,0.977811059907834,0.986790439607341,0.9805141476880607,0.9854556593641102,0.09247869495302438,3.0
182,0,100,500,identity,uniform,normal,160,20,NSigma,37.8,100.0,0.622,1.0,0.9713186813186813,0.945858585858586,0.9867268881353389,0.9558774063197379,0.9790227847270101,0.010563199035823345,3.0
183,0,100,500,identity,uniform,normal,160,20,None,100.0,100.0,0.0,1.0,1.0,0.386,0.0,0.5256080420348688,0.5,6.573647260665893e-06,3.0
184,0,100,500,identity,uniform,uniform,160,20,BIRCH,79.6,100.0,0.20400000000000001,1.0,1.0,0.5069668542839275,0.3423102693442467,0.6651684722381443,0.6711551346721233,0.035398518294095994,3.0
185,0,100,500,identity,uniform,uniform,160,20,FluxInfer-AD,73.6,100.0,0.264,1.0,0.9960000000000001,0.5480607272478604,0.44097928012718157,0.698261827163429,0.7184896400635907,3.9093963695690035,3.0
186,0,100,500,identity,uniform,uniform,160,20,HDBS-R,13.0,100.0,0.8699999999999999,0.16666666666666666,0.1422372504475639,0.4544047619047619,0.8847845528025408,0.212240281734283,0.5135109016250523,5.73404423892498,3.0
187,0,100,500,identity,uniform,uniform,160,20,HDBS-SBD,13.8,100.0,0.8619999999999999,0.06666666666666667,0.13794379735532414,0.4141666666666667,0.8637962099341181,0.2015518905605113,0.5008700036447211,0.3544727159664035,3.0
188,0,100,500,identity,uniform,uniform,160,20,K-S test,48.2,100.0,0.518,1.0,0.9772795731400382,0.8217666376895586,0.8583319092386381,0.8912148727103133,0.9178057411893381,0.021652298420667647,3.0
189,0,100,500,identity,uniform,uniform,160,20,MetricSifter,40.8,100.0,0.592,1.0,1.0,1.0,1.0,1.0,1.0,0.08189193978905678,3.0
190,0,100,500,identity,uniform,uniform,160,20,NSigma,46.6,100.0,0.534,1.0,0.9911067193675889,0.8538369412733428,0.8982702501683182,0.9130997630115761,0.9446884847679534,0.011078686267137528,3.0
191,0,100,500,identity,uniform,uniform,160,20,None,100.0,100.0,0.0,1.0,1.0,0.40800000000000003,0.0,0.5712841606988557,0.5,6.366148591041565e-06,3.0
192,0,100,750,identity,exponential,normal,160,20,BIRCH,80.0,100.0,0.2,1.0,0.9787258687258686,0.6956672208396346,0.4346076146076146,0.808615647815049,0.7066667416667417,0.035827101580798625,3.0
193,0,100,750,identity,exponential,normal,160,20,FluxInfer-AD,75.4,100.0,0.246,1.0,0.9554849305595574,0.7195759598206761,0.5020668220668221,0.8168478955481768,0.7287758763131897,3.525728414580226,3.0
194,0,100,750,identity,exponential,normal,160,20,HDBS-R,12.0,100.0,0.8800000000000001,0.13333333333333333,0.1113453529125171,0.5307692307692308,0.8741958041958042,0.1810622748327329,0.4927705785541606,5.642594550549984,3.0
195,0,100,750,identity,exponential,normal,160,20,HDBS-SBD,11.6,100.0,0.884,0.06666666666666667,0.13054646039720666,0.633939393939394,0.8967443667443667,0.2124189598629668,0.5136454135707866,0.34926320910453795,3.0
196,0,100,750,identity,exponential,normal,160,20,K-S test,56.2,100.0,0.438,1.0,0.946785570218406,0.9712496481846327,0.9525874125874125,0.9583268425370235,0.9496864914029093,0.022151514887809753,3.0
197,0,100,750,identity,exponential,normal,160,20,MetricSifter,57.4,100.0,0.426,1.0,0.9704584221748401,0.9737709947081832,0.9594949494949494,0.9715653868971946,0.9649766858348947,0.08167154304683208,3.0
198,0,100,750,identity,exponential,normal,160,20,NSigma,84.2,100.0,0.158,1.0,0.97545842217484,0.6621169754018591,0.34288267288267293,0.7818883106582376,0.6591705475287565,0.01030421294271946,3.0
199,0,100,750,identity,exponential,normal,160,20,None,100.0,100.0,0.0,1.0,1.0,0.5740000000000001,0.0,0.7198229156093183,0.5,6.694719195365905e-06,3.0
200,0,100,750,identity,exponential,uniform,160,20,BIRCH,72.2,100.0,0.278,0.9333333333333332,0.9877145438121048,0.4548612949819467,0.41649708801922725,0.6093174107465675,0.702105815915666,0.03743491061031819,3.0
201,0,100,750,identity,exponential,uniform,160,20,FluxInfer-AD,66.0,100.0,0.34,0.9333333333333332,0.9832902670111971,0.4844949494949494,0.4985113013341353,0.6398948386453652,0.7409007841726662,5.539236820116639,3.0
202,0,100,750,identity,exponential,uniform,160,20,HDBS-R,9.6,100.0,0.9039999999999999,0.0,0.12497498551951189,0.4232967032967033,0.9183813105485112,0.1847407010473747,0.5216781480340116,5.778844235651195,3.0
203,0,100,750,identity,exponential,uniform,160,20,HDBS-SBD,10.0,100.0,0.9,0.0,0.11219584222420298,0.36636363636363634,0.9055546609754896,0.16605439417146167,0.5088752515998464,0.3560174573212862,3.0
204,0,100,750,identity,exponential,uniform,160,20,K-S test,33.6,100.0,0.664,0.9333333333333332,0.9243479878874092,0.8886904761904763,0.9596967282633837,0.9038075998811335,0.9420223580753966,0.021968546882271768,3.0
205,0,100,750,identity,exponential,uniform,160,20,MetricSifter,34.2,100.0,0.658,0.9333333333333332,0.9830633810214071,0.946501182033097,0.968420313164365,0.963836769806624,0.9757418470928861,0.08317496832460165,3.0
206,0,100,750,identity,exponential,uniform,160,20,NSigma,75.4,100.0,0.246,1.0,0.9830633810214071,0.43523932546104815,0.3698905158262987,0.5892355459712555,0.676476948423853,0.011074333637952804,3.0
207,0,100,750,identity,exponential,uniform,160,20,None,100.0,100.0,0.0,1.0,1.0,0.32799999999999996,0.0,0.48635179995229516,0.5,6.780959665775299e-06,3.0
208,0,100,750,identity,laplace,normal,160,20,BIRCH,78.4,100.0,0.21600000000000003,1.0,1.0,0.43957670928872516,0.35224812096319563,0.5459992179938338,0.6761240604815978,0.0348505649715662,3.0
209,0,100,750,identity,laplace,normal,160,20,FluxInfer-AD,64.2,100.0,0.358,1.0,0.9491382934005884,0.493899791723759,0.5513933100778277,0.5803875072296124,0.7502658017392081,5.5828136274591085,3.0
210,0,100,750,identity,laplace,normal,160,20,HDBS-R,10.6,100.0,0.8939999999999999,0.4,0.14470000182758558,0.3049650349650349,0.8749040636365022,0.1443223443223443,0.5098020327320438,5.613381045870483,3.0
211,0,100,750,identity,laplace,normal,160,20,HDBS-SBD,7.8,100.0,0.922,0.2,0.09171007182411316,0.36944444444444446,0.9167283741734341,0.1355840671736044,0.5042192229987735,0.352881421148777,3.0
212,0,100,750,identity,laplace,normal,160,20,K-S test,36.4,100.0,0.636,1.0,0.9484693970795183,0.8923244552058112,0.9590735803727893,0.9151560177459459,0.9537714887261538,0.021550097689032554,3.0
213,0,100,750,identity,laplace,normal,160,20,MetricSifter,37.4,100.0,0.626,0.8,0.7770089734451815,0.7846153846153847,0.9750468603561387,0.780234971283942,0.8760279169006602,0.08077479042112827,3.0
214,0,100,750,identity,laplace,normal,160,20,NSigma,74.4,100.0,0.256,1.0,0.9938227607507721,0.45916560601690914,0.4254691328523153,0.5587459282133119,0.7096459468015437,0.010926008783280849,3.0
215,0,100,750,identity,laplace,normal,160,20,None,100.0,100.0,0.0,1.0,1.0,0.368,0.0,0.48160424861988566,0.5,6.789714097976684e-06,3.0
216,0,100,750,identity,laplace,uniform,160,20,BIRCH,73.6,100.0,0.26399999999999996,0.9333333333333332,0.9773620401337793,0.7055997257882479,0.5777711873692837,0.8005538584228017,0.7775666137515315,0.034835534542798995,3.0
217,0,100,750,identity,laplace,uniform,160,20,FluxInfer-AD,69.6,100.0,0.304,0.9333333333333332,0.92251254180602,0.6933641417185721,0.5645991046572749,0.7871912793089264,0.7435558232316475,4.303736432269216,3.0
218,0,100,750,identity,laplace,uniform,160,20,HDBS-R,10.8,100.0,0.892,0.2,0.12410117056856187,0.5765734265734266,0.9027539173229284,0.19705800985024435,0.5134275439457452,5.6214432394132015,3.0
219,0,100,750,identity,laplace,uniform,160,20,HDBS-SBD,12.4,100.0,0.876,0.3,0.10626045150501673,0.4714285714285714,0.8613713925453746,0.16837437721208098,0.48381592202519563,0.34401395488530395,3.0
220,0,100,750,identity,laplace,uniform,160,20,K-S test,51.2,100.0,0.488,0.9333333333333332,0.9231779542920847,0.9704647353061532,0.9635526589519186,0.9452444934811097,0.9433653066220018,0.020942109823226928,3.0
221,0,100,750,identity,laplace,uniform,160,20,MetricSifter,51.6,100.0,0.484,0.9333333333333332,0.9526024247491639,0.9942028985507246,0.9870967741935484,0.9723680652761294,0.9698495994713561,0.07979336027055979,3.0
222,0,100,750,identity,laplace,uniform,160,20,NSigma,72.2,100.0,0.27799999999999997,0.9333333333333332,0.9357755016722408,0.6911066126855601,0.55717560500744,0.783694036657854,0.7464755533398405,0.010411915741860867,3.0
223,0,100,750,identity,laplace,uniform,160,20,None,100.0,100.0,0.0,1.0,1.0,0.534,0.0,0.6774946782775416,0.5,6.673857569694519e-06,3.0
224,0,100,750,identity,normal,normal,160,20,BIRCH,72.2,100.0,0.278,1.0,0.9323157894736841,0.5945249860262591,0.4866190476190477,0.6990401422687922,0.7094674185463659,0.03524405062198639,3.0
225,0,100,750,identity,normal,normal,160,20,FluxInfer-AD,70.2,100.0,0.298,1.0,0.9032057416267942,0.5997770944813899,0.5017142857142857,0.6787015515471496,0.70246001367054,4.52958605773747,3.0
226,0,100,750,identity,normal,normal,160,20,HDBS-R,12.0,100.0,0.8800000000000001,0.16666666666666666,0.10827113237639555,0.4011305361305362,0.8735396825396824,0.16160499287434274,0.490905407458039,5.765054965578019,3.0
227,0,100,750,identity,normal,normal,160,20,HDBS-SBD,12.8,100.0,0.8720000000000001,0.05,0.14346730462519935,0.47128936423054074,0.8682063492063492,0.20531384102854067,0.5058368269157743,0.3496258990839124,3.0
228,0,100,750,identity,normal,normal,160,20,K-S test,43.2,100.0,0.568,1.0,0.7993492822966507,0.8722768670309653,0.9535396825396825,0.832461805949,0.8764444824181666,0.02209777422249317,3.0
229,0,100,750,identity,normal,normal,160,20,MetricSifter,44.8,100.0,0.5519999999999999,1.0,0.8569377990430622,0.9148717948717948,0.9875396825396825,0.8843870362488164,0.9222387407913724,0.08332318514585495,3.0
230,0,100,750,identity,normal,normal,160,20,NSigma,54.8,100.0,0.45199999999999996,1.0,0.876421052631579,0.7551711719383402,0.78,0.8062493499320343,0.8282105263157895,0.01032544206827879,3.0
231,0,100,750,identity,normal,normal,160,20,None,100.0,100.0,0.0,1.0,1.0,0.48,0.0,0.6146464646464647,0.5,6.543658673763275e-06,3.0
232,0,100,750,identity,normal,uniform,160,20,BIRCH,82.4,100.0,0.176,1.0,0.991891891891892,0.6998860295151589,0.44059116809116805,0.7950544623909407,0.71624152999153,0.035391789861023426,3.0
233,0,100,750,identity,normal,uniform,160,20,FluxInfer-AD,71.0,100.0,0.29,1.0,0.902803391626921,0.7351724668373073,0.5759294871794871,0.8049927467755642,0.7393664394032041,3.6378078453242777,3.0
234,0,100,750,identity,normal,uniform,160,20,HDBS-R,11.2,100.0,0.8880000000000001,0.2,0.13061436940566676,0.6495454545454546,0.9086431623931623,0.2093275988404891,0.5196287658994146,5.770809098146856,3.0
235,0,100,750,identity,normal,uniform,160,20,HDBS-SBD,11.6,100.0,0.884,0.13999999999999999,0.13476903978918484,0.6439471639471639,0.9012357549857549,0.21474299587837611,0.5180023973874699,0.3665243485942483,3.0
236,0,100,750,identity,normal,uniform,160,20,K-S test,55.8,100.0,0.442,1.0,0.9057180710121887,0.9468257076952729,0.9366310541310542,0.9248736180734356,0.9211745625716213,0.02247697189450264,3.0
237,0,100,750,identity,normal,uniform,160,20,MetricSifter,56.8,100.0,0.43200000000000005,1.0,0.9480551139374669,0.9800000000000001,0.9949999999999999,0.9635565564379125,0.9715275569687334,0.0853926658630371,3.0
238,0,100,750,identity,normal,uniform,160,20,NSigma,64.0,100.0,0.36,1.0,0.9463751987281398,0.8457459505541347,0.7834188034188034,0.8876091267878918,0.8648970010734717,0.010627843625843524,3.0
239,0,100,750,identity,normal,uniform,160,20,None,100.0,100.0,0.0,1.0,1.0,0.5900000000000001,0.0,0.7174724982677942,0.5,6.979890167713166e-06,3.0
240,0,100,750,identity,uniform,normal,160,20,BIRCH,77.2,100.0,0.22800000000000004,1.0,0.9967741935483871,0.6114854682118109,0.41494381114075507,0.7501334000911544,0.7058590023445711,0.0352319423109293,3.0
241,0,100,750,identity,uniform,normal,160,20,FluxInfer-AD,66.8,100.0,0.332,1.0,0.9653225806451612,0.6846764427465022,0.5819354838709677,0.7984888771419761,0.7736290322580646,3.8123414075002073,3.0
242,0,100,750,identity,uniform,normal,160,20,HDBS-R,12.4,100.0,0.876,0.2,0.14098189020939444,0.5589097177332472,0.8857369229525427,0.21674242947900235,0.5133594065809686,5.75968660544604,3.0
243,0,100,750,identity,uniform,normal,160,20,HDBS-SBD,11.8,100.0,0.882,0.1,0.13487077909828332,0.5264432789432789,0.8890128547174388,0.2067149685024742,0.511941816907861,0.3529579622671008,3.0
244,0,100,750,identity,uniform,normal,160,20,K-S test,49.4,100.0,0.506,1.0,0.9736559139784946,0.9439772727272727,0.9654070660522274,0.9575039501661345,0.969531490015361,0.021797516010701658,3.0
245,0,100,750,identity,uniform,normal,160,20,MetricSifter,48.2,100.0,0.518,1.0,0.9967741935483871,1.0,1.0,0.9983739837398374,0.9983870967741936,0.08240160997956991,3.0
246,0,100,750,identity,uniform,normal,160,20,NSigma,52.2,100.0,0.47800000000000004,1.0,0.9967741935483871,0.9096864475443478,0.9255105505699733,0.9500163265035892,0.9611423720591802,0.010499221459031104,3.0
247,0,100,750,identity,uniform,normal,160,20,None,100.0,100.0,0.0,1.0,1.0,0.484,0.0,0.6372666143478412,0.5,1.026839017868042e-05,3.0
248,0,100,750,identity,uniform,uniform,160,20,BIRCH,70.8,100.0,0.292,1.0,0.9838807360819939,0.7550974720303087,0.6031147935291801,0.8474488196761983,0.793497764805587,0.03481665644794703,3.0
249,0,100,750,identity,uniform,uniform,160,20,FluxInfer-AD,73.0,100.0,0.27,1.0,0.9309006572884069,0.6883673840427169,0.504968356911832,0.7689082476713522,0.7179345071001194,3.413666951097548,3.0
250,0,100,750,identity,uniform,uniform,160,20,HDBS-R,12.8,100.0,0.8720000000000001,0.0,0.11918900561891907,0.5640151515151516,0.875533897267232,0.19162784215257977,0.49736145144307553,5.7111516237258915,3.0
251,0,100,750,identity,uniform,uniform,160,20,HDBS-SBD,12.4,100.0,0.876,0.1,0.12899566762683895,0.6117948717948718,0.8989634388631572,0.20482721641975585,0.513979553244998,0.34483489617705343,3.0
252,0,100,750,identity,uniform,uniform,160,20,K-S test,54.8,100.0,0.45200000000000007,1.0,0.9600430133662907,0.9658651026392961,0.9770928358779669,0.9613297574570767,0.9685679246221289,0.021808689832687377,3.0
253,0,100,750,identity,uniform,uniform,160,20,MetricSifter,56.0,100.0,0.44000000000000006,1.0,0.9863498718844632,0.9866165413533835,0.9911093627065302,0.9861876926297288,0.9887296172954967,0.08497106321156025,3.0
254,0,100,750,identity,uniform,uniform,160,20,NSigma,56.4,100.0,0.43600000000000005,1.0,0.9713952946657349,0.9471356499525514,0.9635668804399635,0.9569867895545314,0.9674810875528493,0.010790129750967025,3.0
255,0,100,750,identity,uniform,uniform,160,20,None,100.0,100.0,0.0,1.0,1.0,0.5660000000000001,0.0,0.6949845947382308,0.5,6.579793989658356e-06,3.0
256,1,50,100,identity,exponential,normal,160,20,BIRCH,35.0,50.0,0.3,1.0,0.95,0.39059650771278676,0.40739808578518255,0.5288227543982019,0.6786990428925913,0.018939624540507793,3.0
257,1,50,100,identity,exponential,normal,160,20,FluxInfer-AD,18.2,50.0,0.636,0.16666666666666666,0.15385964912280703,0.08511904761904762,0.5377496159754225,0.10231203007518797,0.34580463254911475,2.546580816432834,3.0
258,1,50,100,identity,exponential,normal,160,20,HDBS-R,8.0,50.0,0.8400000000000001,0.4666666666666666,0.24657894736842106,0.3904761904761905,0.8670459647879003,0.28994949494949496,0.5568124560781607,1.4106915233656765,3.0
259,1,50,100,identity,exponential,normal,160,20,HDBS-SBD,5.4,50.0,0.892,0.0,0.18210526315789471,0.4342857142857143,0.9142349048800661,0.250989010989011,0.5481700840189804,0.08892876040190459,3.0
260,1,50,100,identity,exponential,normal,160,20,K-S test,14.6,50.0,0.708,0.9333333333333332,0.8466666666666667,0.79,0.9218084603568475,0.8029950441715148,0.884237563511757,0.010912621952593326,3.0
261,1,50,100,identity,exponential,normal,160,20,MetricSifter,13.6,50.0,0.728,0.8,0.725,0.7238840579710144,0.9317393359328843,0.7197278911564625,0.8283696679664422,0.04258108753710985,3.0
262,1,50,100,identity,exponential,normal,160,20,NSigma,40.4,50.0,0.192,1.0,1.0,0.3491487394592985,0.2716371263145457,0.4954883118862835,0.6358185631572728,0.005342147126793861,3.0
263,1,50,100,identity,exponential,normal,160,20,None,50.0,50.0,0.0,1.0,1.0,0.27599999999999997,0.0,0.41688615151883524,0.5,4.915334284305573e-06,3.0
264,1,50,100,identity,exponential,uniform,160,20,BIRCH,32.6,50.0,0.348,1.0,1.0,0.3702474937343358,0.4666326456222206,0.5193818316348838,0.7333163228111104,0.019723297096788883,3.0
265,1,50,100,identity,exponential,uniform,160,20,FluxInfer-AD,18.6,50.0,0.628,0.13333333333333333,0.13669467787114847,0.09512670565302143,0.5580052732618891,0.11090909090909092,0.3473499755665188,2.5874711863696573,3.0
266,1,50,100,identity,exponential,uniform,160,20,HDBS-R,7.6,50.0,0.8480000000000001,0.05,0.15529411764705883,0.2641269841269841,0.8498046220018954,0.18674420975299397,0.5025493698244772,1.4325464153662324,3.0
267,1,50,100,identity,exponential,uniform,160,20,HDBS-SBD,5.4,50.0,0.892,0.05,0.16352941176470587,0.38190476190476186,0.913208305994994,0.21479039479039477,0.53836885887985,0.08952664732933044,3.0
268,1,50,100,identity,exponential,uniform,160,20,K-S test,14.0,50.0,0.72,1.0,0.8952380952380953,0.837037037037037,0.9217100434983354,0.8527705627705627,0.9084740693682154,0.01055409163236618,3.0
269,1,50,100,identity,exponential,uniform,160,20,MetricSifter,13.2,50.0,0.736,0.9,0.9571428571428571,0.8568181818181818,0.966106412966878,0.899883855981417,0.9616246350548676,0.04142806753516197,3.0
270,1,50,100,identity,exponential,uniform,160,20,NSigma,36.4,50.0,0.272,1.0,1.0,0.3363188720464262,0.36832665062817427,0.4809723944697074,0.6841633253140872,0.005439894273877144,3.0
271,1,50,100,identity,exponential,uniform,160,20,None,50.0,50.0,0.0,1.0,1.0,0.244,0.0,0.3784490130097158,0.5,4.654563963413239e-06,3.0
272,1,50,100,identity,laplace,normal,160,20,BIRCH,33.2,50.0,0.33599999999999997,1.0,1.0,0.4693256767578401,0.47922264517092106,0.6314307148215625,0.7396113225854605,0.019441436417400836,3.0
273,1,50,100,identity,laplace,normal,160,20,FluxInfer-AD,16.4,50.0,0.672,0.13333333333333333,0.02857142857142857,0.0375,0.5247748420162213,0.03243243243243243,0.2766731352938249,2.94720036778599,3.0
274,1,50,100,identity,laplace,normal,160,20,HDBS-R,7.8,50.0,0.844,0.2,0.17445887445887445,0.3555555555555555,0.851093446783102,0.2254131898956583,0.5127761606209882,1.4495746349915861,3.0
275,1,50,100,identity,laplace,normal,160,20,HDBS-SBD,5.6,50.0,0.8879999999999999,0.36666666666666664,0.17373737373737375,0.4828571428571428,0.9108517440413992,0.21662962962962964,0.5422945588893865,0.09077781103551388,3.0
276,1,50,100,identity,laplace,normal,160,20,K-S test,3.0,50.0,0.9400000000000001,0.2,0.11616161616161616,0.6333333333333333,0.9653950216450216,0.19125391516695864,0.540778318903319,0.01066336091607809,3.0
277,1,50,100,identity,laplace,normal,160,20,MetricSifter,17.2,50.0,0.656,1.0,1.0,0.9478070175438595,0.9683531746031747,0.9725656090873482,0.9841765873015873,0.04259601794183254,3.0
278,1,50,100,identity,laplace,normal,160,20,NSigma,36.2,50.0,0.27599999999999997,1.0,1.0,0.43209092249339925,0.37961325073394037,0.5996290322580645,0.6898066253669702,0.0053548762574791905,3.0
279,1,50,100,identity,laplace,normal,160,20,None,50.0,50.0,0.0,1.0,1.0,0.324,0.0,0.47677157717547114,0.5,5.291588604450226e-06,3.0
280,1,50,100,identity,laplace,uniform,160,20,BIRCH,35.0,50.0,0.3,1.0,1.0,0.48894987365575604,0.4573969041710977,0.6518545969599835,0.7286984520855488,0.019054778665304185,3.0
281,1,50,100,identity,laplace,uniform,160,20,FluxInfer-AD,17.2,50.0,0.656,0.26666666666666666,0.17624269005847953,0.1683305100696405,0.559460819067081,0.17165945165945168,0.36785175456278024,2.8697212848812343,3.0
282,1,50,100,identity,laplace,uniform,160,20,HDBS-R,8.0,50.0,0.8400000000000001,0.15,0.18768607123870282,0.42063492063492064,0.8610103843026045,0.2578152743314034,0.5243482277706536,1.4474204761907459,3.0
283,1,50,100,identity,laplace,uniform,160,20,HDBS-SBD,7.8,50.0,0.844,0.05,0.1982123870281765,0.44000000000000006,0.8715903917398226,0.27235449735449735,0.5349013893839996,0.09177319835871459,3.0
284,1,50,100,identity,laplace,uniform,160,20,K-S test,7.2,50.0,0.8560000000000001,0.31666666666666665,0.2689992025518341,0.7676923076923077,0.920063025210084,0.3669146623269562,0.594531113880959,0.010776712745428085,3.0
285,1,50,100,identity,laplace,uniform,160,20,MetricSifter,19.0,50.0,0.62,0.9333333333333333,0.9707070707070707,0.8866300366300365,0.9245529415240041,0.9233639313494187,0.9476300061155374,0.04271387029439211,3.0
286,1,50,100,identity,laplace,uniform,160,20,NSigma,37.2,50.0,0.256,1.0,1.0,0.4661799105607155,0.3975750846244205,0.6279857545340343,0.6987875423122103,0.005309316143393516,3.0
287,1,50,100,identity,laplace,uniform,160,20,None,50.0,50.0,0.0,1.0,1.0,0.344,0.0,0.5073503472103111,0.5,4.740245640277863e-06,3.0
288,1,50,100,identity,normal,normal,160,20,BIRCH,38.0,50.0,0.24,1.0,1.0,0.3354765979990627,0.323801005196354,0.49319875142816344,0.661900502598177,0.01911046225577593,3.0
289,1,50,100,identity,normal,normal,160,20,FluxInfer-AD,17.0,50.0,0.66,0.1,0.051515151515151514,0.046486928104575165,0.5587324303603374,0.048367446393762184,0.3051237909377444,2.8255517931655048,3.0
290,1,50,100,identity,normal,normal,160,20,HDBS-R,7.6,50.0,0.8480000000000001,0.3,0.1397835497835498,0.24682539682539684,0.846123179146435,0.17025898078529655,0.4929533644649924,1.4367189900949597,3.0
291,1,50,100,identity,normal,normal,160,20,HDBS-SBD,7.2,50.0,0.8560000000000001,0.2,0.1712987012987013,0.3063492063492063,0.8656819149842405,0.21420357420357422,0.5184903081414709,0.0905708996579051,3.0
292,1,50,100,identity,normal,normal,160,20,K-S test,3.4,50.0,0.932,0.2,0.28748917748917746,0.85,0.9849833887043189,0.3547509438558032,0.6362362830967483,0.010660805553197861,3.0
293,1,50,100,identity,normal,normal,160,20,MetricSifter,13.0,50.0,0.74,1.0,1.0,0.9833333333333332,0.9948717948717949,0.9913043478260869,0.9974358974358974,0.04235778506845236,3.0
294,1,50,100,identity,normal,normal,160,20,NSigma,21.8,50.0,0.5640000000000001,1.0,1.0,0.5916694899303595,0.7605622284692053,0.7285275914079159,0.8802811142346026,0.005413165874779224,3.0
295,1,50,100,identity,normal,normal,160,20,None,50.0,50.0,0.0,1.0,1.0,0.256,0.0,0.3999785086929177,0.5,5.230307579040527e-06,3.0
296,1,50,100,identity,normal,uniform,160,20,BIRCH,40.6,50.0,0.188,1.0,1.0,0.43092759677820275,0.2943751053284522,0.5915740444191389,0.6471875526642261,0.01946853641420603,3.0
297,1,50,100,identity,normal,uniform,160,20,FluxInfer-AD,14.8,50.0,0.704,0.0,0.015384615384615385,0.013333333333333332,0.5589668776281352,0.014285714285714287,0.28717574650637534,2.7073961606249215,3.0
298,1,50,100,identity,normal,uniform,160,20,HDBS-R,7.2,50.0,0.8560000000000001,0.11666666666666665,0.18144011785316133,0.4261111111111111,0.8775365629321005,0.25222222222222224,0.5294883403926309,1.4547525921836495,3.0
299,1,50,100,identity,normal,uniform,160,20,HDBS-SBD,7.0,50.0,0.86,0.05,0.1644489568402612,0.4018253968253968,0.8730850525982372,0.22860463312076215,0.5187670047192492,0.09002940710633993,3.0
300,1,50,100,identity,normal,uniform,160,20,K-S test,4.0,50.0,0.9199999999999999,0.3333333333333333,0.16684185379837552,0.6266666666666667,0.9590826120237885,0.2586973180076629,0.5629622329110819,0.01130247749388218,3.0
301,1,50,100,identity,normal,uniform,160,20,MetricSifter,17.4,50.0,0.6519999999999999,1.0,0.9826086956521738,0.975,0.9793103448275862,0.9775757575757575,0.98095952023988,0.04399869106709957,3.0
302,1,50,100,identity,normal,uniform,160,20,NSigma,25.2,50.0,0.496,1.0,1.0,0.7003582251082252,0.7449764165788506,0.8183056442738668,0.8724882082894254,0.005338994413614273,3.0
303,1,50,100,identity,normal,uniform,160,20,None,50.0,50.0,0.0,1.0,1.0,0.344,0.0,0.5063863184642656,0.5,4.740245640277863e-06,3.0
304,1,50,100,identity,uniform,normal,160,20,BIRCH,38.8,50.0,0.22400000000000003,1.0,1.0,0.3974720628209,0.32265855919106695,0.5568866515000859,0.6613292795955334,0.0190688481554389,3.0
305,1,50,100,identity,uniform,normal,160,20,FluxInfer-AD,22.4,50.0,0.5519999999999999,0.2,0.26176470588235295,0.16666666666666666,0.47686121927607994,0.18735380116959063,0.3693129625792164,2.2414105443283914,3.0
306,1,50,100,identity,uniform,normal,160,20,HDBS-R,7.0,50.0,0.86,0.26666666666666666,0.1678921568627451,0.3698412698412698,0.8734665747049648,0.22482348569305088,0.5206793657838549,1.438416632823646,3.0
307,1,50,100,identity,uniform,normal,160,20,HDBS-SBD,7.2,50.0,0.8560000000000001,0.06666666666666667,0.18799019607843137,0.38,0.8734665747049648,0.24365875541761284,0.5307283853916981,0.0988200481981039,3.0
308,1,50,100,identity,uniform,normal,160,20,K-S test,7.0,50.0,0.86,0.3,0.33382352941176474,0.6818181818181819,0.9454096986604726,0.4136520484346572,0.6396166140361187,0.010654067061841488,3.0
309,1,50,100,identity,uniform,normal,160,20,MetricSifter,14.4,50.0,0.712,0.8,0.8,0.7846153846153847,0.9852130325814537,0.792,0.8926065162907267,0.04197904262691736,3.0
310,1,50,100,identity,uniform,normal,160,20,NSigma,17.2,50.0,0.656,1.0,1.0,0.888888888888889,0.9558441558441558,0.9276190476190476,0.9779220779220779,0.005269359797239304,3.0
311,1,50,100,identity,uniform,normal,160,20,None,50.0,50.0,0.0,1.0,1.0,0.308,0.0,0.46078373264467265,0.5,4.69554215669632e-06,3.0
312,1,50,100,identity,uniform,uniform,160,20,BIRCH,37.6,50.0,0.248,1.0,1.0,0.3468736689666922,0.33724005134788193,0.5042568351696671,0.668620025673941,0.019015046767890453,3.0
313,1,50,100,identity,uniform,uniform,160,20,FluxInfer-AD,23.0,50.0,0.54,0.1,0.2463636363636364,0.16293706293706295,0.48220673635307776,0.17907636738906088,0.3642851863583571,2.3640559442341327,3.0
314,1,50,100,identity,uniform,uniform,160,20,HDBS-R,7.8,50.0,0.844,0.1,0.1608080808080808,0.2611111111111111,0.8413925056543798,0.19231193926846102,0.5011002932312303,1.4634119676426054,3.0
315,1,50,100,identity,uniform,uniform,160,20,HDBS-SBD,8.0,50.0,0.8400000000000001,0.1,0.18398989898989898,0.3057142857142857,0.8534384742343664,0.2250891265597148,0.5187141866121326,0.0899706119671464,3.0
316,1,50,100,identity,uniform,uniform,160,20,K-S test,1.2,50.0,0.976,0.06666666666666667,0.049090909090909095,0.4,0.7903600464576075,0.08405797101449276,0.4197254777742582,0.010598605498671532,3.0
317,1,50,100,identity,uniform,uniform,160,20,MetricSifter,13.4,50.0,0.732,1.0,1.0,0.9777777777777779,0.9952380952380953,0.9882352941176471,0.9976190476190476,0.04286938272416592,3.0
318,1,50,100,identity,uniform,uniform,160,20,NSigma,14.0,50.0,0.72,1.0,1.0,0.9512820512820512,0.9775939849624059,0.9738181818181818,0.988796992481203,0.005429461225867271,3.0
319,1,50,100,identity,uniform,uniform,160,20,None,50.0,50.0,0.0,1.0,1.0,0.264,0.0,0.40813863231427006,0.5,5.324371159076691e-06,3.0
320,1,50,200,identity,exponential,normal,160,20,BIRCH,37.2,50.0,0.256,1.0,1.0,0.6402298947462078,0.5274472412916349,0.7608461294713359,0.7637236206458174,0.01894285287708044,3.0
321,1,50,200,identity,exponential,normal,160,20,FluxInfer-AD,14.6,50.0,0.708,0.0,0.017763157894736842,0.075,0.4599160945842867,0.028695652173913046,0.23883962623951183,1.8811354056000709,3.0
322,1,50,200,identity,exponential,normal,160,20,HDBS-R,6.4,50.0,0.8720000000000001,0.0,0.1240392648287385,0.5164285714285713,0.8846554792779049,0.19293859649122808,0.5043473720533217,1.460991580411792,3.0
323,1,50,200,identity,exponential,normal,160,20,HDBS-SBD,6.6,50.0,0.868,0.1,0.13954852408799776,0.5214285714285715,0.8843630816170862,0.20851707432352592,0.5119558028525419,0.09045018311589956,3.0
324,1,50,200,identity,exponential,normal,160,20,K-S test,24.4,50.0,0.512,1.0,0.98125,0.9861904761904763,0.9801932367149758,0.9834604105571847,0.9807216183574878,0.011001548171043396,3.0
325,1,50,200,identity,exponential,normal,160,20,MetricSifter,26.2,50.0,0.476,1.0,1.0,0.9090336134453783,0.9538774472412916,0.9485475444096133,0.9769387236206459,0.041196908243000506,3.0
326,1,50,200,identity,exponential,normal,160,20,NSigma,44.6,50.0,0.10800000000000001,1.0,1.0,0.5538564213564213,0.27119247393846935,0.682499776085983,0.6355962369692347,0.0054968010634183885,3.0
327,1,50,200,identity,exponential,normal,160,20,None,50.0,50.0,0.0,1.0,1.0,0.492,0.0,0.6340039288013324,0.5,5.273148417472839e-06,3.0
328,1,50,200,identity,exponential,uniform,160,20,BIRCH,42.2,50.0,0.156,1.0,1.0,0.696504622576916,0.3673042113831587,0.8186764923119373,0.6836521056915794,0.018863320350646973,3.0
329,1,50,200,identity,exponential,uniform,160,20,FluxInfer-AD,11.6,50.0,0.768,0.05,0.030917874396135265,0.06555555555555555,0.47726099436625746,0.04041343669250645,0.2540894343811964,1.639782894589007,3.0
330,1,50,200,identity,exponential,uniform,160,20,HDBS-R,7.4,50.0,0.852,0.11666666666666665,0.14334786275426487,0.5757936507936507,0.8470433562538826,0.22650335660838286,0.4951956095040737,1.419375372119248,3.0
331,1,50,200,identity,exponential,uniform,160,20,HDBS-SBD,7.4,50.0,0.852,0.1,0.16622367974772892,0.6742857142857143,0.8843553863290705,0.26079861516318514,0.5252895330383998,0.09100793711841107,3.0
332,1,50,200,identity,exponential,uniform,160,20,K-S test,28.0,50.0,0.43999999999999995,0.95,0.8969495091164095,0.9633891625615764,0.9547514619883041,0.920947603121516,0.9258504855523568,0.010943788476288319,3.0
333,1,50,200,identity,exponential,uniform,160,20,MetricSifter,29.8,50.0,0.404,0.95,0.9833333333333332,0.9767210144927535,0.9743739691108111,0.979804120229652,0.9788536512220724,0.0403845613822341,3.0
334,1,50,200,identity,exponential,uniform,160,20,NSigma,41.6,50.0,0.168,1.0,1.0,0.7101529286175863,0.3943343936764989,0.8276398547670478,0.6971671968382495,0.005326769500970841,3.0
335,1,50,200,identity,exponential,uniform,160,20,None,50.0,50.0,0.0,1.0,1.0,0.592,0.0,0.7381901691129683,0.5,4.936940968036652e-06,3.0
336,1,50,200,identity,laplace,normal,160,20,BIRCH,35.2,50.0,0.296,1.0,1.0,0.5304994134405898,0.48312033395624726,0.6817037037037037,0.7415601669781237,0.018925322964787484,3.0
337,1,50,200,identity,laplace,normal,160,20,FluxInfer-AD,18.4,50.0,0.632,0.0,0.07161290322580645,0.10105263157894737,0.46262962653055534,0.0832579185520362,0.2671212648781809,2.8627878941595553,3.0
338,1,50,200,identity,laplace,normal,160,20,HDBS-R,5.8,50.0,0.884,0.37333333333333335,0.1512646224742999,0.4966666666666667,0.9100054853615225,0.22983921341816077,0.5306350539179112,1.4273046541959047,3.0
339,1,50,200,identity,laplace,normal,160,20,HDBS-SBD,7.8,50.0,0.844,0.47333333333333333,0.21277118043247073,0.5142857142857142,0.8851069645496891,0.2936082436082436,0.5489390724910799,0.09429728388786315,3.0
340,1,50,200,identity,laplace,normal,160,20,K-S test,3.4,50.0,0.932,0.08,0.13540765685926975,0.8166666666666667,0.9660130718954247,0.2001190476190476,0.5507103643773472,0.010371087864041329,3.0
341,1,50,200,identity,laplace,normal,160,20,MetricSifter,17.0,50.0,0.6599999999999999,0.8,0.8,0.7739130434782608,0.9564705882352941,0.786046511627907,0.878235294117647,0.04189053662121296,3.0
342,1,50,200,identity,laplace,normal,160,20,NSigma,34.8,50.0,0.304,1.0,1.0,0.53039258361839,0.47146914716574156,0.6867620131224637,0.7357345735828708,0.005348323099315167,3.0
343,1,50,200,identity,laplace,normal,160,20,None,50.0,50.0,0.0,1.0,1.0,0.376,0.0,0.5343815135481803,0.5,4.411302506923676e-06,3.0
344,1,50,200,identity,laplace,uniform,160,20,BIRCH,44.4,50.0,0.11200000000000002,1.0,1.0,0.8004930328030632,0.40619047619047616,0.8858194874816384,0.7030952380952381,0.01895329896360636,3.0
345,1,50,200,identity,laplace,uniform,160,20,FluxInfer-AD,14.4,50.0,0.712,0.1,0.2071387819141349,0.39849624060150374,0.5176190476190475,0.2572385620915033,0.3623789147665913,1.662592295743525,3.0
346,1,50,200,identity,laplace,uniform,160,20,HDBS-R,7.4,50.0,0.852,0.26666666666666666,0.16504546427043218,0.7857142857142857,0.8868253968253968,0.27226611994053856,0.5259354305479145,1.4363470131531357,3.0
347,1,50,200,identity,laplace,uniform,160,20,HDBS-SBD,8.6,50.0,0.828,0.16666666666666666,0.19157787762088146,0.7916666666666666,0.8914285714285715,0.30749006666716105,0.5415032245247264,0.09006383325904607,3.0
348,1,50,200,identity,laplace,uniform,160,20,K-S test,6.8,50.0,0.8640000000000001,0.26666666666666666,0.16719886606760803,0.7464285714285714,0.9646031746031746,0.27092544576967564,0.5659010203353914,0.010439662262797356,3.0
349,1,50,200,identity,laplace,uniform,160,20,MetricSifter,35.8,50.0,0.284,1.0,1.0,0.9901098901098901,0.961111111111111,0.9949929588483805,0.9805555555555555,0.041851299442350866,3.0
350,1,50,200,identity,laplace,uniform,160,20,NSigma,45.6,50.0,0.088,1.0,1.0,0.78,0.32285714285714284,0.8725303222857794,0.6614285714285714,0.005306811071932316,3.0
351,1,50,200,identity,laplace,uniform,160,20,None,50.0,50.0,0.0,1.0,1.0,0.708,0.0,0.8264864743877789,0.5,5.26420772075653e-06,3.0
352,1,50,200,identity,normal,normal,160,20,BIRCH,37.0,50.0,0.26,1.0,1.0,0.34581615552203787,0.3466976589390537,0.5026477675324613,0.6733488294695269,0.018789266236126423,3.0
353,1,50,200,identity,normal,normal,160,20,FluxInfer-AD,15.0,50.0,0.7,0.0,0.034782608695652174,0.06153846153846154,0.6213942873822863,0.04444444444444444,0.32808844803896925,3.1310653991997244,3.0
354,1,50,200,identity,normal,normal,160,20,HDBS-R,7.6,50.0,0.8480000000000001,0.2,0.13875086266390613,0.2246031746031746,0.8408754128340957,0.16573050272740675,0.4898131377490009,1.4613759238272905,3.0
355,1,50,200,identity,normal,normal,160,20,HDBS-SBD,7.2,50.0,0.8560000000000001,0.3,0.17291235334713595,0.28015873015873016,0.8597790404668633,0.2,0.5163456969069996,0.09079740978777409,3.0
356,1,50,200,identity,normal,normal,160,20,K-S test,3.2,50.0,0.9359999999999999,0.1,0.18881987577639753,0.65,0.9756559736139996,0.28434333697491593,0.5822379246951985,0.010372790694236755,3.0
357,1,50,200,identity,normal,normal,160,20,MetricSifter,13.4,50.0,0.732,1.0,1.0,0.9783333333333333,0.987037037037037,0.9888481291269258,0.9935185185185185,0.04189424589276314,3.0
358,1,50,200,identity,normal,normal,160,20,NSigma,24.0,50.0,0.52,1.0,1.0,0.5319645732689211,0.7106184191176877,0.677476430976431,0.8553092095588438,0.0052169933915138245,3.0
359,1,50,200,identity,normal,normal,160,20,None,50.0,50.0,0.0,1.0,1.0,0.26,0.0,0.40108650826906994,0.5,5.7818368077278136e-06,3.0
360,1,50,200,identity,normal,uniform,160,20,BIRCH,42.6,50.0,0.148,1.0,1.0,0.538213236039323,0.3243401759530792,0.6438965168576163,0.6621700879765396,0.020419110916554926,3.0
361,1,50,200,identity,normal,uniform,160,20,FluxInfer-AD,13.4,50.0,0.732,0.06666666666666667,0.057126092824033324,0.11483253588516747,0.5144686108395786,0.07109774436090226,0.28579735183180593,2.4684138268232347,3.0
362,1,50,200,identity,normal,uniform,160,20,HDBS-R,6.4,50.0,0.8720000000000001,0.1,0.11089560230006454,0.5178571428571429,0.9028673835125447,0.1786440301166809,0.5068814929063047,1.4332962438464165,3.0
363,1,50,200,identity,normal,uniform,160,20,HDBS-SBD,5.8,50.0,0.884,0.0,0.08908496156779909,0.45999999999999996,0.8902709894645378,0.1472738945842394,0.4896779755161685,0.09066502582281828,3.0
364,1,50,200,identity,normal,uniform,160,20,K-S test,2.6,50.0,0.9480000000000001,0.1,0.046524599542334094,0.4666666666666667,0.7601851851851852,0.08205128205128205,0.40335489236375965,0.010443326085805893,3.0
365,1,50,200,identity,normal,uniform,160,20,MetricSifter,22.8,50.0,0.544,0.8,0.7913043478260869,0.7913043478260869,0.9884259259259259,0.7913043478260869,0.8898651368760063,0.042833834141492846,3.0
366,1,50,200,identity,normal,uniform,160,20,NSigma,30.6,50.0,0.388,1.0,1.0,0.6915100947396995,0.7550790159661128,0.7629678530424799,0.8775395079830564,0.0052257683128118515,3.0
367,1,50,200,identity,normal,uniform,160,20,None,50.0,50.0,0.0,1.0,1.0,0.45999999999999996,0.0,0.5829354000331355,0.5,5.192682147026062e-06,3.0
368,1,50,200,identity,uniform,normal,160,20,BIRCH,40.6,50.0,0.188,1.0,1.0,0.5796248196248197,0.3669113970329056,0.7114057288323962,0.6834556985164528,0.018744124658405782,3.0
369,1,50,200,identity,uniform,normal,160,20,FluxInfer-AD,18.2,50.0,0.6359999999999999,0.0,0.22049152526835886,0.25700840336134456,0.4868923956934669,0.21768789555733603,0.3536919604809129,1.868672768585384,3.0
370,1,50,200,identity,uniform,normal,160,20,HDBS-R,8.2,50.0,0.836,0.3,0.15537248092317807,0.46944444444444444,0.8362920869831807,0.22508660849632123,0.4958322839531794,1.4473666677251458,3.0
371,1,50,200,identity,uniform,normal,160,20,HDBS-SBD,7.4,50.0,0.852,0.0,0.1685346041174768,0.5809523809523809,0.8930189136283377,0.25275587961186335,0.5307767588729073,0.0929609339684248,3.0
372,1,50,200,identity,uniform,normal,160,20,K-S test,3.8,50.0,0.924,0.33999999999999997,0.19365982952320712,0.7714285714285715,0.7931034482758621,0.28958389171803806,0.4933816388995346,0.010886632651090623,3.0
373,1,50,200,identity,uniform,normal,160,20,MetricSifter,24.4,50.0,0.512,1.0,1.0,0.94375,0.974839537869063,0.9682539682539681,0.9874197689345314,0.04358854591846466,3.0
374,1,50,200,identity,uniform,normal,160,20,NSigma,24.0,50.0,0.52,1.0,1.0,0.9636363636363636,0.9902439024390244,0.9800000000000001,0.9951219512195122,0.005178320035338402,3.0
375,1,50,200,identity,uniform,normal,160,20,None,50.0,50.0,0.0,1.0,1.0,0.4720000000000001,0.0,0.6203453872255943,0.5,5.097314715385437e-06,3.0
376,1,50,200,identity,uniform,uniform,160,20,BIRCH,35.6,50.0,0.288,1.0,1.0,0.5999910835204953,0.4986043360433604,0.7310101428954422,0.7493021680216801,0.018708673678338526,3.0
377,1,50,200,identity,uniform,uniform,160,20,FluxInfer-AD,15.8,50.0,0.6839999999999999,0.13333333333333333,0.09644230769230769,0.14205128205128206,0.5174525745257452,0.11459503459503459,0.30694744110902644,1.8940895454958082,3.0
378,1,50,200,identity,uniform,uniform,160,20,HDBS-R,5.2,50.0,0.8960000000000001,0.06666666666666667,0.16724358974358972,0.61,0.9228997289972899,0.25701736972704714,0.5450716593704399,1.440369625017047,3.0
379,1,50,200,identity,uniform,uniform,160,20,HDBS-SBD,6.6,50.0,0.868,0.26666666666666666,0.13818376068376068,0.445,0.8754878048780489,0.20870077411827773,0.5068357827809048,0.09006211329251528,3.0
380,1,50,200,identity,uniform,uniform,160,20,K-S test,3.8,50.0,0.924,0.0,0.09086538461538461,0.3466666666666667,0.7484552845528455,0.11943828529194382,0.4196603345841151,0.010310736112296581,3.0
381,1,50,200,identity,uniform,uniform,160,20,MetricSifter,21.6,50.0,0.568,1.0,1.0,0.9939393939393939,0.9888888888888889,0.9969230769230769,0.9944444444444445,0.0420175526291132,3.0
382,1,50,200,identity,uniform,uniform,160,20,NSigma,22.8,50.0,0.5439999999999999,1.0,1.0,0.9168067226890756,0.9533875338753386,0.9504611330698287,0.9766937669376693,0.005163747072219849,3.0
383,1,50,200,identity,uniform,uniform,160,20,None,50.0,50.0,0.0,1.0,1.0,0.42800000000000005,0.0,0.5825280439627386,0.5,5.023367702960968e-06,3.0
384,1,100,500,identity,exponential,normal,160,20,BIRCH,77.8,100.0,0.22199999999999998,1.0,1.0,0.5936824322446915,0.41856485405511074,0.7404876171241409,0.7092824270275554,0.035910104587674144,3.0
385,1,100,500,identity,exponential,normal,160,20,FluxInfer-AD,34.4,100.0,0.656,0.0,0.15806226439205165,0.2067048554282597,0.5027974142913828,0.1694945054945055,0.3304298393417172,4.273620601370931,3.0
386,1,100,500,identity,exponential,normal,160,20,HDBS-R,14.2,100.0,0.858,0.2,0.1503426390793412,0.4901587301587302,0.8673078315299163,0.22963163831215808,0.5088252353046288,5.7173668360337615,3.0
387,1,100,500,identity,exponential,normal,160,20,HDBS-SBD,10.8,100.0,0.892,0.3,0.13209045686439302,0.5691086691086691,0.9180111708753836,0.21397064288368636,0.5250508138698884,0.3728862289339304,3.0
388,1,100,500,identity,exponential,normal,160,20,K-S test,42.0,100.0,0.58,0.8666666666666666,0.8792831927672353,0.9685148902821317,0.9739317705355441,0.915399828004098,0.9266074816513898,0.02186068780720234,3.0
389,1,100,500,identity,exponential,normal,160,20,MetricSifter,47.0,100.0,0.53,1.0,0.9861805555555556,0.9710616284300494,0.9743211086607314,0.9779878787878789,0.9802508321081435,0.0816412316635251,3.0
390,1,100,500,identity,exponential,normal,160,20,NSigma,84.6,100.0,0.154,1.0,1.0,0.5490769023511728,0.2919093636198492,0.7033310591404194,0.6459546818099247,0.010528826713562011,3.0
391,1,100,500,identity,exponential,normal,160,20,None,100.0,100.0,0.0,1.0,1.0,0.46399999999999997,0.0,0.6283860613803076,0.5,9.179115295410156e-06,3.0
392,1,100,500,identity,exponential,uniform,160,20,BIRCH,66.0,100.0,0.33999999999999997,1.0,1.0,0.49590110495051054,0.4959374571692069,0.6474026671451002,0.7479687285846035,0.0354245325550437,3.0
393,1,100,500,identity,exponential,uniform,160,20,FluxInfer-AD,33.8,100.0,0.662,0.0,0.07754716981132075,0.05083986562150056,0.5230488733255252,0.05290215588723052,0.300298021568423,5.371036868728697,3.0
394,1,100,500,identity,exponential,uniform,160,20,HDBS-R,12.2,100.0,0.8779999999999999,0.0,0.11649635521091976,0.3207459207459208,0.8766800947821964,0.1644535625664658,0.49658822499655814,5.610817477852106,3.0
395,1,100,500,identity,exponential,uniform,160,20,HDBS-SBD,10.4,100.0,0.8960000000000001,0.2,0.13951535591464953,0.4238095238095238,0.908796831693072,0.1968560474969676,0.5241560938038607,0.3404742104932666,3.0
396,1,100,500,identity,exponential,uniform,160,20,K-S test,34.8,100.0,0.6519999999999999,0.96,0.9659222179437814,0.899137537993921,0.9516999686118183,0.9301150910414165,0.9588110932777998,0.02181267272680998,3.0
397,1,100,500,identity,exponential,uniform,160,20,MetricSifter,33.4,100.0,0.666,0.96,0.9836734693877551,0.9662404092071611,0.9819939243302954,0.9736006683375104,0.9828336968590253,0.08139433432370424,3.0
398,1,100,500,identity,exponential,uniform,160,20,NSigma,71.4,100.0,0.286,1.0,1.0,0.449117215424646,0.40927177642213264,0.6051463396670138,0.7046358882110664,0.010598327778279782,3.0
399,1,100,500,identity,exponential,uniform,160,20,None,100.0,100.0,0.0,1.0,1.0,0.33,0.0,0.47581766996870734,0.5,5.936622619628906e-06,3.0
400,1,100,500,identity,laplace,normal,160,20,BIRCH,69.4,100.0,0.306,1.0,0.9959183673469388,0.6939444050911121,0.594611396410416,0.807241230060022,0.7952648818786774,0.0361204681918025,3.0
401,1,100,500,identity,laplace,normal,160,20,FluxInfer-AD,21.4,100.0,0.786,0.0,0.03753121005487215,0.08363071710897799,0.5809325137462393,0.04846877454472391,0.3092318619005557,4.80724365413189,3.0
402,1,100,500,identity,laplace,normal,160,20,HDBS-R,13.4,100.0,0.866,0.1,0.12886208086473455,0.52,0.8808528114949684,0.20410474519869473,0.5048574461798514,5.694964773394167,3.0
403,1,100,500,identity,laplace,normal,160,20,HDBS-SBD,14.0,100.0,0.86,0.16666666666666666,0.15343401490150715,0.5606419895893581,0.8838436559809109,0.236827454352391,0.518638835441209,0.3487111048772931,3.0
404,1,100,500,identity,laplace,normal,160,20,K-S test,12.4,100.0,0.876,0.24,0.18574345689692878,0.666966966966967,0.9559876024483867,0.2651075445193092,0.5708655296726578,0.021574638225138186,3.0
405,1,100,500,identity,laplace,normal,160,20,MetricSifter,50.6,100.0,0.49399999999999994,1.0,0.9900360144057622,0.9805429864253394,0.9802352941176471,0.9850933567456833,0.9851356542617047,0.08672906868159772,3.0
406,1,100,500,identity,laplace,normal,160,20,NSigma,70.4,100.0,0.296,1.0,0.9959183673469388,0.6850616412546019,0.5510592125739184,0.8058444053750848,0.7734887899604287,0.010819006897509097,3.0
407,1,100,500,identity,laplace,normal,160,20,None,100.0,100.0,0.0,1.0,1.0,0.502,0.0,0.6482230231934141,0.5,5.682744085788727e-06,3.0
408,1,100,500,identity,laplace,uniform,160,20,BIRCH,82.6,100.0,0.17400000000000002,1.0,1.0,0.572764806746138,0.36329287099876945,0.6889917944264449,0.6816464354993848,0.03501248117536306,3.0
409,1,100,500,identity,laplace,uniform,160,20,FluxInfer-AD,26.0,100.0,0.74,0.0,0.11553030303030302,0.08311111111111111,0.5811102692652835,0.09256678281068526,0.3483202861477933,4.501194154843688,3.0
410,1,100,500,identity,laplace,uniform,160,20,HDBS-R,14.4,100.0,0.8560000000000001,0.1,0.16164850686037127,0.5039368474662592,0.8660944443548864,0.22650237506485982,0.5138714756076288,5.65289014261216,3.0
411,1,100,500,identity,laplace,uniform,160,20,HDBS-SBD,12.2,100.0,0.8779999999999999,0.1,0.15648011592926847,0.5506060606060605,0.8946671395332592,0.22988870502791237,0.5255736277312638,0.35472278408706187,3.0
412,1,100,500,identity,laplace,uniform,160,20,K-S test,29.2,100.0,0.708,0.4,0.48796509281678774,0.6703692201518289,0.8477209979634497,0.5050138248847926,0.6678430453901186,0.02227990571409464,3.0
413,1,100,500,identity,laplace,uniform,160,20,MetricSifter,48.8,100.0,0.512,0.9,0.9971428571428571,0.976521553563807,0.9627690100430417,0.9865042856603135,0.9799559335929494,0.08795626778155566,3.0
414,1,100,500,identity,laplace,uniform,160,20,NSigma,73.4,100.0,0.266,1.0,1.0,0.6193106384261247,0.49281446971773085,0.7339912620120181,0.7464072348588655,0.010321081429719926,3.0
415,1,100,500,identity,laplace,uniform,160,20,None,100.0,100.0,0.0,1.0,1.0,0.476,0.0,0.6087790364965658,0.5,5.935877561569214e-06,3.0
416,1,100,500,identity,normal,normal,160,20,BIRCH,84.2,100.0,0.158,1.0,1.0,0.6414624352804521,0.3505320076748648,0.7763675658309842,0.6752660038374325,0.03516264129430056,3.0
417,1,100,500,identity,normal,normal,160,20,FluxInfer-AD,27.8,100.0,0.722,0.0,0.1004716391804098,0.14677661169415293,0.5087970230827373,0.11578213507625272,0.30463433113157357,3.8979357324540613,3.0
418,1,100,500,identity,normal,normal,160,20,HDBS-R,11.8,100.0,0.882,0.04,0.1275817973366258,0.5638311688311688,0.8929007500436071,0.2063320176456931,0.5102412736901165,5.736866328492761,3.0
419,1,100,500,identity,normal,normal,160,20,HDBS-SBD,11.4,100.0,0.8859999999999999,0.10666666666666666,0.13671169929741012,0.64001776001776,0.9165678237106809,0.2241536927678503,0.5266397615040455,0.3547733038663864,3.0
420,1,100,500,identity,normal,normal,160,20,K-S test,20.2,100.0,0.798,0.30666666666666664,0.33004067819031657,0.8566212691973341,0.9489417989417989,0.41692330281988726,0.6394912385660578,0.020753473974764347,3.0
421,1,100,500,identity,normal,normal,160,20,MetricSifter,53.8,100.0,0.462,0.9333333333333332,0.9956521739130434,0.9876432078559738,0.9885109599395314,0.9916066395239586,0.9920815669262874,0.0834668654948473,3.0
422,1,100,500,identity,normal,normal,160,20,NSigma,64.4,100.0,0.356,1.0,1.0,0.8266028595060853,0.771483807198093,0.9035369790929355,0.8857419035990464,0.010493134520947934,3.0
423,1,100,500,identity,normal,normal,160,20,None,100.0,100.0,0.0,1.0,1.0,0.534,0.0,0.6937894687519325,0.5,9.046308696269989e-06,3.0
424,1,100,500,identity,normal,uniform,160,20,BIRCH,75.0,100.0,0.25,1.0,1.0,0.557350051020937,0.4303315307974369,0.7095259523053634,0.7151657653987185,0.035009478218853474,3.0
425,1,100,500,identity,normal,uniform,160,20,FluxInfer-AD,32.4,100.0,0.6759999999999999,0.0,0.03287878787878788,0.04512163561076604,0.463374865735768,0.036258375770570894,0.24812682680727796,4.84453605376184,3.0
426,1,100,500,identity,normal,uniform,160,20,HDBS-R,12.4,100.0,0.876,0.1,0.11674688057040998,0.39070458952811893,0.8661982295640579,0.17620810813174512,0.491472555067234,5.770986896380782,3.0
427,1,100,500,identity,normal,uniform,160,20,HDBS-SBD,12.4,100.0,0.876,0.1,0.14176368729309904,0.4729059829059829,0.887279899255528,0.21296593707459582,0.5145217932743135,0.3743138398975134,3.0
428,1,100,500,identity,normal,uniform,160,20,K-S test,11.6,100.0,0.884,0.11666666666666665,0.1506190476190476,0.5323737373737374,0.9221714878328827,0.23120397311917557,0.5363952677259652,0.021725652739405632,3.0
429,1,100,500,identity,normal,uniform,160,20,MetricSifter,43.2,100.0,0.568,1.0,0.9906926406926407,0.9685656565656565,0.9738990332975295,0.9792199859476932,0.982295836995085,0.08584219869226217,3.0
430,1,100,500,identity,normal,uniform,160,20,NSigma,54.6,100.0,0.454,1.0,1.0,0.7661580523649489,0.7784270528538094,0.8658915782050078,0.8892135264269048,0.010433650948107243,3.0
431,1,100,500,identity,normal,uniform,160,20,None,100.0,100.0,0.0,1.0,1.0,0.422,0.0,0.5863841072975392,0.5,5.968287587165832e-06,3.0
432,1,100,500,identity,uniform,normal,160,20,BIRCH,74.4,100.0,0.256,1.0,1.0,0.4848959704977503,0.4002457243532399,0.6416074617998253,0.70012286217662,0.04352777134627104,3.0
433,1,100,500,identity,uniform,normal,160,20,FluxInfer-AD,43.0,100.0,0.5700000000000001,0.3,0.12105701675373806,0.12001273532668881,0.38616137936011474,0.1174736673475109,0.2536091980569264,4.37727751340717,3.0
434,1,100,500,identity,uniform,normal,160,20,HDBS-R,12.8,100.0,0.8720000000000001,0.26666666666666666,0.12628873176004324,0.3736596736596737,0.8760938536986778,0.18398157138307727,0.5011912927293605,5.71604986321181,3.0
435,1,100,500,identity,uniform,normal,160,20,HDBS-SBD,12.4,100.0,0.876,0.1,0.12597647571008225,0.35717171717171714,0.8729196960122341,0.18051817339319381,0.4994480858611582,0.35967399049550297,3.0
436,1,100,500,identity,uniform,normal,160,20,K-S test,9.4,100.0,0.906,0.1,0.2062023359154507,0.5764285714285714,0.9543724333476906,0.2653282161533329,0.5802873846315706,0.021115186996757983,3.0
437,1,100,500,identity,uniform,normal,160,20,MetricSifter,35.8,100.0,0.642,1.0,0.9692307692307691,0.9850267379679144,0.9941896659057896,0.9761707550175215,0.9817102175682795,0.10085656084120273,3.0
438,1,100,500,identity,uniform,normal,160,20,NSigma,40.0,100.0,0.6,1.0,0.9846153846153847,0.8815487738068383,0.9423243156186286,0.926048796489277,0.9634698501170066,0.011891795322299004,3.0
439,1,100,500,identity,uniform,normal,160,20,None,100.0,100.0,0.0,1.0,1.0,0.366,0.0,0.5224818877390891,0.5,6.575882434844971e-06,3.0
440,1,100,500,identity,uniform,uniform,160,20,BIRCH,68.2,100.0,0.318,1.0,1.0,0.39710953615063205,0.43456833286412005,0.5496201000604761,0.71728416643206,0.03616165723651647,3.0
441,1,100,500,identity,uniform,uniform,160,20,FluxInfer-AD,42.4,100.0,0.576,0.1,0.14814814814814814,0.1350320924261874,0.49752240892191946,0.13746624521153,0.3228352785350338,5.682037985697389,3.0
442,1,100,500,identity,uniform,uniform,160,20,HDBS-R,12.6,100.0,0.874,0.1,0.16091658885776533,0.3504895104895105,0.8878713557283682,0.2076209235685916,0.5243939722930667,5.660582829266787,3.0
443,1,100,500,identity,uniform,uniform,160,20,HDBS-SBD,12.8,100.0,0.8720000000000001,0.2,0.1427948957360722,0.3078280542986425,0.8786264985583184,0.18295450217401438,0.5107106971471953,0.34950707070529463,3.0
444,1,100,500,identity,uniform,uniform,160,20,K-S test,11.2,100.0,0.8879999999999999,0.45,0.34822595704948645,0.7086834733893557,0.9507489750185096,0.41965149384918315,0.649487466033998,0.020801185071468352,3.0
445,1,100,500,identity,uniform,uniform,160,20,MetricSifter,27.4,100.0,0.726,1.0,1.0,0.9766153846153847,0.9950956937799044,0.9879183673469388,0.9975478468899521,0.0987578134983778,3.0
446,1,100,500,identity,uniform,uniform,160,20,NSigma,34.8,100.0,0.6519999999999999,1.0,1.0,0.7672169975618252,0.9002051008530382,0.8470530172356747,0.950102550426519,0.010267451964318752,3.0
447,1,100,500,identity,uniform,uniform,160,20,None,100.0,100.0,0.0,1.0,1.0,0.27,0.0,0.4098366931262428,0.5,5.79487532377243e-06,3.0
448,1,100,750,identity,exponential,normal,160,20,BIRCH,83.4,100.0,0.16599999999999998,1.0,1.0,0.7598780184702574,0.4302204315009857,0.8599928693768607,0.7151102157504928,0.03484128843992949,3.0
449,1,100,750,identity,exponential,normal,160,20,FluxInfer-AD,18.0,100.0,0.82,0.0,0.018598202824133506,0.10287179487179487,0.5411119974956831,0.030915556342496275,0.2798551001599083,3.1099233489483593,3.0
450,1,100,750,identity,exponential,normal,160,20,HDBS-R,12.4,100.0,0.876,0.1,0.12280185236106697,0.6225974025974026,0.8671793649671645,0.20362866451907094,0.49499060866411576,5.666150254942477,3.0
451,1,100,750,identity,exponential,normal,160,20,HDBS-SBD,11.6,100.0,0.884,0.2333333333333333,0.11760285367325896,0.6428571428571429,0.885488367605,0.19840674030021707,0.5015456106391295,0.3498316532000899,3.0
452,1,100,750,identity,exponential,normal,160,20,K-S test,61.8,100.0,0.382,1.0,0.9386974753958066,0.9594522019334049,0.9381747164971876,0.9466721643799071,0.938436095946497,0.021815576963126658,3.0
453,1,100,750,identity,exponential,normal,160,20,MetricSifter,65.8,100.0,0.34199999999999997,1.0,0.9903157894736841,0.9547384987893462,0.9243587591064795,0.9713022245062701,0.9573372742900819,0.08019230887293816,3.0
454,1,100,750,identity,exponential,normal,160,20,NSigma,89.0,100.0,0.11000000000000001,1.0,1.0,0.7095879102072498,0.2652890993771746,0.826876678640286,0.6326445496885873,0.010589150339365005,3.0
455,1,100,750,identity,exponential,normal,160,20,None,100.0,100.0,0.0,1.0,1.0,0.6359999999999999,0.0,0.7705327108362697,0.5,6.235390901565552e-06,3.0
456,1,100,750,identity,exponential,uniform,160,20,BIRCH,74.6,100.0,0.254,1.0,1.0,0.7431833159150514,0.5694468882372108,0.8259067191122259,0.7847234441186054,0.03522931281477213,3.0
457,1,100,750,identity,exponential,uniform,160,20,FluxInfer-AD,20.8,100.0,0.792,0.0,0.014201680672268907,0.1,0.48219534050179214,0.02487113402061856,0.24819851058703052,3.2170646753162147,3.0
458,1,100,750,identity,exponential,uniform,160,20,HDBS-R,12.6,100.0,0.874,0.13333333333333333,0.12800874827542957,0.6026007326007325,0.8721521668295862,0.19094950433296295,0.5000804575525079,5.696998850442469,3.0
459,1,100,750,identity,exponential,uniform,160,20,HDBS-SBD,10.6,100.0,0.8939999999999999,0.0,0.10832912642669008,0.5862626262626263,0.8803633105246009,0.16170475897853992,0.49434621847564547,0.35451004803180697,3.0
460,1,100,750,identity,exponential,uniform,160,20,K-S test,62.2,100.0,0.378,1.0,0.9857422969187676,0.8909982174688057,0.9677745193874226,0.9214565274971127,0.976758408153095,0.02152422070503235,3.0
461,1,100,750,identity,exponential,uniform,160,20,MetricSifter,62.6,100.0,0.374,0.8,0.7905042016806723,0.796923076923077,0.9600358422939068,0.7936298168140744,0.8752700219872895,0.08219513315707445,3.0
462,1,100,750,identity,exponential,uniform,160,20,NSigma,79.2,100.0,0.20800000000000002,1.0,1.0,0.7002361542064282,0.41523053111762787,0.7928014094674566,0.7076152655588139,0.010899067111313342,3.0
463,1,100,750,identity,exponential,uniform,160,20,None,100.0,100.0,0.0,1.0,1.0,0.6140000000000001,0.0,0.7091373066268005,0.5,6.6800042986869815e-06,3.0
464,1,100,750,identity,laplace,normal,160,20,BIRCH,72.8,100.0,0.272,1.0,1.0,0.678159897049823,0.5161616161616162,0.8055773748982578,0.758080808080808,0.03481768164783716,3.0
465,1,100,750,identity,laplace,normal,160,20,FluxInfer-AD,24.8,100.0,0.752,0.0,0.060467980295566506,0.10108108108108109,0.5764490139490139,0.07477253928866831,0.31845849712229024,4.354478770121932,3.0
466,1,100,750,identity,laplace,normal,160,20,HDBS-R,11.0,100.0,0.89,0.06666666666666667,0.11080528740154809,0.496037296037296,0.8931998556998557,0.18088679156748916,0.5020025715507019,5.591006772965192,3.0
467,1,100,750,identity,laplace,normal,160,20,HDBS-SBD,13.2,100.0,0.868,0.16666666666666666,0.13994302945489118,0.5075457875457875,0.8719336219336219,0.21818678005378372,0.5059383256942566,0.34034960102289913,3.0
468,1,100,750,identity,laplace,normal,160,20,K-S test,9.2,100.0,0.908,0.26666666666666666,0.15676227820155858,0.7741935483870968,0.973063973063973,0.21337102552619794,0.5649131256327659,0.025979402102530004,3.0
469,1,100,750,identity,laplace,normal,160,20,MetricSifter,49.6,100.0,0.504,1.0,0.9923076923076923,0.984110275689223,0.9829004329004329,0.9880201386350119,0.9876040626040627,0.08338311556726694,3.0
470,1,100,750,identity,laplace,normal,160,20,NSigma,72.6,100.0,0.274,1.0,1.0,0.677280305516503,0.5213383838383838,0.8057255182812317,0.7606691919191919,0.010369067639112472,3.0
471,1,100,750,identity,laplace,normal,160,20,None,100.0,100.0,0.0,1.0,1.0,0.492,0.0,0.654787226464583,0.5,6.260164082050324e-06,3.0
472,1,100,750,identity,laplace,uniform,160,20,BIRCH,83.0,100.0,0.17,1.0,1.0,0.6520372504625056,0.3928343204699015,0.778876425093325,0.6964171602349507,0.04266027007251978,3.0
473,1,100,750,identity,laplace,uniform,160,20,FluxInfer-AD,33.2,100.0,0.6679999999999999,0.26666666666666666,0.21131116433308766,0.24239894495176184,0.5060520178052459,0.21344714442416665,0.35868159106916686,3.8968670831993224,3.0
474,1,100,750,identity,laplace,uniform,160,20,HDBS-R,9.6,100.0,0.9040000000000001,0.3,0.10511226649109455,0.5895526695526696,0.9093954636680606,0.17801366704298957,0.5072538650795775,5.610111450962722,3.0
475,1,100,750,identity,laplace,uniform,160,20,HDBS-SBD,12.2,100.0,0.8779999999999999,0.13333333333333333,0.12218510878625706,0.565034965034965,0.8860384472321344,0.19832008262852815,0.5041117780091957,0.34691870417445897,3.0
476,1,100,750,identity,laplace,uniform,160,20,K-S test,9.8,100.0,0.9019999999999999,0.0,0.1400390829175576,0.55,0.9781284871672244,0.21204040404040403,0.5590837850423911,0.020804069936275482,3.0
477,1,100,750,identity,laplace,uniform,160,20,MetricSifter,54.6,100.0,0.454,1.0,0.9956521739130434,0.9956521739130434,0.9962962962962962,0.9956521739130434,0.99597423510467,0.09525490645319223,3.0
478,1,100,750,identity,laplace,uniform,160,20,NSigma,75.2,100.0,0.248,1.0,0.9956521739130434,0.7154673202646615,0.5626533004696563,0.8229325277479258,0.7791527371913499,0.010397430323064328,3.0
479,1,100,750,identity,laplace,uniform,160,20,None,100.0,100.0,0.0,1.0,1.0,0.546,0.0,0.6944061336455731,0.5,6.284564733505249e-06,3.0
480,1,100,750,identity,normal,normal,160,20,BIRCH,75.6,100.0,0.244,1.0,1.0,0.6323264367038371,0.45656898656898653,0.7483281422054429,0.7282844932844933,0.03593248687684536,3.0
481,1,100,750,identity,normal,normal,160,20,FluxInfer-AD,29.0,100.0,0.71,0.1,0.08415780534632994,0.19689445387662705,0.4818315018315018,0.1124940023590721,0.2829946535889159,4.052431803941727,3.0
482,1,100,750,identity,normal,normal,160,20,HDBS-R,9.8,100.0,0.9019999999999999,0.1,0.12249163097523755,0.5327272727272727,0.8915628815628815,0.18107032751303004,0.5070272562690595,5.662997824884951,3.0
483,1,100,750,identity,normal,normal,160,20,HDBS-SBD,11.6,100.0,0.884,0.3,0.15019224142174964,0.5696969696969697,0.8933577533577534,0.2201453682585758,0.5217749973897515,0.3622869744896889,3.0
484,1,100,750,identity,normal,normal,160,20,K-S test,17.6,100.0,0.8240000000000001,0.3,0.20588354748190812,0.5704665704665705,0.9021367521367522,0.2763193372205958,0.5540101498093302,0.027666680328547955,3.0
485,1,100,750,identity,normal,normal,160,20,MetricSifter,51.4,100.0,0.48600000000000004,1.0,0.9873861566484518,0.9975308641975309,0.99,0.9923171457698311,0.9886930783242258,0.08328617215156556,3.0
486,1,100,750,identity,normal,normal,160,20,NSigma,61.6,100.0,0.384,1.0,0.9967213114754099,0.7773254391424222,0.7808302808302808,0.8520210065800145,0.8887757961528454,0.010665057227015495,3.0
487,1,100,750,identity,normal,normal,160,20,None,100.0,100.0,0.0,1.0,1.0,0.52,0.0,0.6411652667178783,0.5,6.020069122314453e-06,3.0
488,1,100,750,identity,normal,uniform,160,20,BIRCH,84.8,100.0,0.152,1.0,1.0,0.5356673425027856,0.333977466977467,0.6446822879051771,0.6669887334887334,0.035018534027040006,3.0
489,1,100,750,identity,normal,uniform,160,20,FluxInfer-AD,31.6,100.0,0.6839999999999999,0.0,0.03785822021116139,0.10500000000000001,0.49223970473970474,0.053630754627432366,0.265048962475433,4.286580082960427,3.0
490,1,100,750,identity,normal,uniform,160,20,HDBS-R,9.6,100.0,0.9040000000000001,0.0,0.09634169751816811,0.45681818181818185,0.901594794094794,0.14733198334617614,0.49896824580648114,5.640494829043746,3.0
491,1,100,750,identity,normal,uniform,160,20,HDBS-SBD,11.4,100.0,0.8859999999999999,0.2,0.1280340052104758,0.46337218337218333,0.8884357031857032,0.1827912438438754,0.5082348541980896,0.3450298361480236,3.0
492,1,100,750,identity,normal,uniform,160,20,K-S test,25.6,100.0,0.744,0.65,0.4630708898944193,0.7200091842698505,0.9493770396270396,0.5031076368139751,0.7062239647607295,0.021173969283699988,3.0
493,1,100,750,identity,normal,uniform,160,20,MetricSifter,45.6,100.0,0.5439999999999999,1.0,0.9800000000000001,0.9800000000000001,0.9977777777777778,0.9800000000000001,0.9888888888888889,0.08324487004429101,3.0
494,1,100,750,identity,normal,uniform,160,20,NSigma,58.2,100.0,0.418,1.0,1.0,0.7509508407624846,0.7771789044289045,0.8339798215602272,0.8885894522144522,0.010515291802585125,3.0
495,1,100,750,identity,normal,uniform,160,20,None,100.0,100.0,0.0,1.0,1.0,0.45600000000000007,0.0,0.5790137780191198,0.5,5.939416587352752e-06,3.0
496,1,100,750,identity,uniform,normal,160,20,BIRCH,79.2,100.0,0.20800000000000002,1.0,1.0,0.5852498610394311,0.40618176538908246,0.7041681557769301,0.7030908826945412,0.034945296682417394,3.0
497,1,100,750,identity,uniform,normal,160,20,FluxInfer-AD,29.0,100.0,0.71,0.0,0.03822115384615384,0.07575757575757576,0.43748161053039103,0.05076623014767345,0.23785138218827245,4.24868991728872,3.0
498,1,100,750,identity,uniform,normal,160,20,HDBS-R,10.2,100.0,0.898,0.23333333333333334,0.09326733526330301,0.49230769230769234,0.9122154471544714,0.1473964640301274,0.5027413912088873,5.62789840400219,3.0
499,1,100,750,identity,uniform,normal,160,20,HDBS-SBD,10.4,100.0,0.8960000000000001,0.1,0.09910290874000552,0.4907692307692308,0.9057655826558266,0.15074628524628525,0.5024342456979161,0.3548286573961377,3.0
500,1,100,750,identity,uniform,normal,160,20,K-S test,7.2,100.0,0.9279999999999999,0.2,0.10062706782464848,0.5071428571428571,0.7708333333333333,0.16266815972698329,0.43573020057899087,0.022494619898498058,3.0
501,1,100,750,identity,uniform,normal,160,20,MetricSifter,47.6,100.0,0.524,1.0,0.968067617866005,0.9904761904761905,0.9974999999999999,0.9785676494193087,0.9827838089330024,0.08923623412847519,3.0
502,1,100,750,identity,uniform,normal,160,20,NSigma,56.0,100.0,0.44000000000000006,1.0,0.9817566170388752,0.8010114828172284,0.9023577235772358,0.857802424175133,0.9420571703080555,0.010340814292430878,3.0
503,1,100,750,identity,uniform,normal,160,20,None,100.0,100.0,0.0,1.0,1.0,0.49400000000000005,0.0,0.6133693960476141,0.5,6.539002060890198e-06,3.0
504,1,100,750,identity,uniform,uniform,160,20,BIRCH,69.8,100.0,0.302,1.0,1.0,0.6010454712718837,0.5173563569821429,0.7122586307343439,0.7586781784910714,0.0370463952422142,3.0
505,1,100,750,identity,uniform,uniform,160,20,FluxInfer-AD,31.4,100.0,0.686,0.36666666666666664,0.15011730205278592,0.2337878787878788,0.5740144768845864,0.16871101714113115,0.3620658894686862,4.219074475578964,3.0
506,1,100,750,identity,uniform,uniform,160,20,HDBS-R,10.8,100.0,0.892,0.0,0.1290785341403049,0.4842074592074592,0.9007155377522134,0.18046634870164283,0.5148970359462591,5.631396596506238,3.0
507,1,100,750,identity,uniform,uniform,160,20,HDBS-SBD,13.0,100.0,0.8699999999999999,0.0,0.1806310184896321,0.5001952296069943,0.885314707767364,0.22223520765245483,0.532972863128498,0.3489235917106271,3.0
508,1,100,750,identity,uniform,uniform,160,20,K-S test,8.4,100.0,0.916,0.26666666666666666,0.10988758553274683,0.4700854700854701,0.7748828579584129,0.16582683982683982,0.4423852217455798,0.021467617154121398,3.0
509,1,100,750,identity,uniform,uniform,160,20,MetricSifter,44.0,100.0,0.5599999999999999,1.0,0.9967741935483871,1.0,1.0,0.9983739837398374,0.9983870967741936,0.0858583252876997,3.0
510,1,100,750,identity,uniform,uniform,160,20,NSigma,46.8,100.0,0.532,0.9333333333333332,0.9969696969696968,0.9071909167367537,0.9509019135554663,0.9464803371164694,0.9739358052625816,0.010620556958019733,3.0
511,1,100,750,identity,uniform,uniform,160,20,None,100.0,100.0,0.0,1.0,1.0,0.442,0.0,0.5769409445136613,0.5,5.9174373745918276e-06,3.0
